column,n_overlap,spearman,median_ratio,rows_ours_missing_his_present,action
AST_per,815,0.9895,1.0,6,kept_ours
DRB_per,815,0.996,1.0,6,coalesced_identical
FTA_pg,813,0.9999,1.0,8,coalesced_identical
FT_per,821,1.0,0.01,0,kept_ours
GP,821,0.9763,1.0,0,kept_ours
Min_per,815,0.977,1.0,6,kept_ours
ORB_per,815,0.992,1.0,6,coalesced_identical
ORtg,813,0.9776,1.0,8,kept_ours
TO_per,815,0.9828,1.0,6,kept_ours
TPA_pg,815,1.0,1.0,6,coalesced_identical
TP_per,816,1.0,0.01,5,kept_ours
TS_per,815,0.9708,1.0,6,kept_ours
a_3PAr,0,,,1036,filled_empty
a_AST_TO,0,,,1036,filled_empty
a_AST_USG,0,,,875,filled_empty
a_BPM,0,,,625,filled_empty
a_DBPM,0,,,625,filled_empty
a_DWS40,0,,,834,filled_empty
a_FTAr,0,,,1036,filled_empty
a_G,0,,,1036,filled_empty
a_MP,0,,,1036,filled_empty
a_OBPM,0,,,625,filled_empty
a_OWS40,0,,,834,filled_empty
a_PER,0,,,875,filled_empty
a_PTS,0,,,1036,filled_empty
a_TS,0,,,1036,filled_empty
a_USG,0,,,875,filled_empty
a_WS40,0,,,834,filled_empty
a_eFG,0,,,1036,filled_empty
aau_3p,0,,,52,filled_empty
aau_ast,0,,,52,filled_empty
aau_blk,0,,,52,filled_empty
aau_fg,0,,,52,filled_empty
aau_ft,0,,,52,filled_empty
aau_gp,0,,,52,filled_empty
aau_min,0,,,52,filled_empty
aau_pts,0,,,52,filled_empty
aau_stl,0,,,52,filled_empty
aau_tov,0,,,52,filled_empty
aau_trb,0,,,52,filled_empty
adjoe,813,0.9767,1.0,8,kept_ours
adrtg,813,0.9787,1.0,8,kept_ours
age_at_draft,821,0.9584,1.0011,0,kept_ours
ast,820,1.0,1.0,0,coalesced_identical
ast_tov,796,0.9928,1.0,24,coalesced_identical
blk,820,0.9945,1.0,0,coalesced_identical
blk_per,815,1.0,1.0,6,coalesced_identical
bpm,820,0.9736,1.0,1,kept_ours
c_anthro_n,1002,0.9509,0.875,0,coalesced_combine
c_approach_vert_gain,816,0.9996,1.0,18,coalesced_combine
c_bench,543,0.9995,1.0,19,coalesced_combine
c_bmi_like,940,0.9997,0.9999,22,coalesced_combine
c_body_fat,710,0.9998,1.0,18,coalesced_combine
c_drills_n,1002,0.9612,1.0,0,coalesced_combine
c_fat_mass,708,0.9997,1.0,18,coalesced_combine
c_hand_length,642,0.9999,1.0,6,coalesced_combine
c_hand_length_height_ratio,641,1.0,1.0,6,coalesced_combine
c_hand_width,642,0.9992,1.0,6,coalesced_combine
c_hand_width_height_ratio,641,0.9993,1.0,6,coalesced_combine
c_height_noshoes,942,1.0,1.0,22,coalesced_combine
c_lane_agility,811,0.9972,1.0,18,coalesced_combine
c_lean_mass,708,0.9999,1.0,18,coalesced_combine
c_lean_mass_height_ratio,708,0.9999,1.0,18,coalesced_combine
c_max_touch,816,0.9993,1.0,18,coalesced_combine
c_reach_height_ratio,942,0.9999,1.0,22,coalesced_combine
c_reach_minus_height,942,0.9998,1.0,22,coalesced_combine
c_shoot_pct,0,,,0,coalesced_combine
c_shuttle,386,0.9991,1.0,3,coalesced_combine
c_sprint,815,0.9955,1.0,18,coalesced_combine
c_standing_reach,942,1.0,1.0,22,coalesced_combine
c_standing_touch,818,0.9998,1.0,18,coalesced_combine
c_vert_max,816,0.9986,1.0,18,coalesced_combine
c_vert_standing,818,0.9987,1.0,18,coalesced_combine
c_weight,940,0.9998,1.0,22,coalesced_combine
c_weight_per_in,940,0.9997,1.0,22,coalesced_combine
c_wing_height_ratio,942,1.0,1.0,22,coalesced_combine
c_wing_minus_height,942,1.0,1.0,22,coalesced_combine
c_wingspan,943,1.0,1.0,22,coalesced_combine
career_bpm_max,820,0.9729,1.0,1,kept_ours
career_bpm_mean,820,0.9777,1.0,1,kept_ours
class_year,816,0.9745,1.0,5,kept_ours
d_TS_per,432,0.9382,1.0,91,kept_ours
d_bpm,432,0.9635,1.0,91,kept_ours
d_dbpm,0,,,523,filled_empty
d_mpg,419,0.986,1.0011,104,kept_ours
d_obpm,0,,,523,filled_empty
d_porpag,0,,,523,filled_empty
d_usg,432,0.9457,1.0,91,kept_ours
dbpm,813,0.9847,1.0,8,kept_ours
dgbpm,668,0.9703,1.0,153,kept_ours
dporpag,668,0.962,1.0,153,kept_ours
draft_age_x,1101,0.9738,0.9995,0,kept_ours
dreb,814,0.9999,1.0,6,coalesced_identical
drtg,813,0.9831,1.0,8,kept_ours
dunk_made,729,0.978,1.0,6,kept_ours
dunks_per_min,0,,,633,filled_empty
eFG,815,0.979,1.0,6,kept_ours
ev_3p,0,,,309,filled_empty
ev_ast,0,,,309,filled_empty
ev_blk,0,,,309,filled_empty
ev_fg,0,,,309,filled_empty
ev_gp,0,,,309,filled_empty
ev_min,0,,,0,filled_empty
ev_placement,0,,,0,filled_empty
ev_pts,0,,,309,filled_empty
ev_stl,0,,,309,filled_empty
ev_trb,0,,,309,filled_empty
ftr,815,0.9917,1.0,6,coalesced_identical
gbpm,668,0.9684,1.0,153,kept_ours
height_in,821,0.9746,1.0,0,kept_ours
j_3PAr,0,,,667,filled_empty
j_3pconf,0,,,667,filled_empty
j_3pprof,0,,,589,filled_empty
j_AST,0,,,659,filled_empty
j_BLK,0,,,659,filled_empty
j_BPM,0,,,589,filled_empty
j_DBPM,0,,,589,filled_empty
j_DRB,0,,,635,filled_empty
j_DRTG,0,,,589,filled_empty
j_FTr,0,,,667,filled_empty
j_OBPM,0,,,589,filled_empty
j_ORB,0,,,635,filled_empty
j_ORTG,0,,,589,filled_empty
j_PER,0,,,589,filled_empty
j_STL,0,,,635,filled_empty
j_TOV,0,,,667,filled_empty
j_TS,0,,,667,filled_empty
j_USG,0,,,659,filled_empty
j_WS40,0,,,667,filled_empty
j_adj_def,0,,,244,filled_empty
j_adj_off,0,,,244,filled_empty
j_age,0,,,667,filled_empty
j_astd_3,0,,,549,filled_empty
j_astd_mid,0,,,549,filled_empty
j_astd_rim,0,,,549,filled_empty
j_dunk_vs_rim,0,,,547,filled_empty
j_dunks,0,,,633,filled_empty
j_dunks_unast,0,,,547,filled_empty
j_fg_mid,0,,,549,filled_empty
j_fg_rim,0,,,549,filled_empty
j_height,0,,,667,filled_empty
j_hob,0,,,665,filled_empty
j_losses,0,,,667,filled_empty
j_offload,0,,,589,filled_empty
j_pct_3,0,,,549,filled_empty
j_pct_mid,0,,,549,filled_empty
j_ppr,0,,,665,filled_empty
j_rim_unast_100,0,,,549,filled_empty
j_stock,0,,,635,filled_empty
j_weight,0,,,667,filled_empty
j_wins,0,,,667,filled_empty
mid_pct,729,0.9711,1.0,6,kept_ours
mpg,820,1.0,1.0,0,coalesced_identical
n_college_seasons,821,0.9158,1.0,0,kept_ours
obpm,813,0.9848,1.0,8,kept_ours
ogbpm,668,0.9736,1.0,153,kept_ours
oreb,814,0.9997,1.0,6,coalesced_identical
pct_astd,0,,,549,filled_empty
pct_rim,0,,,549,filled_empty
pfr,797,0.9856,1.0,24,kept_ours
porpag,814,0.9794,1.0,7,kept_ours
prev_TS_per,432,0.9693,1.0,91,kept_ours
prev_bpm,432,0.9945,1.0,91,coalesced_identical
prev_dbpm,0,,,523,filled_empty
prev_mpg,419,0.9839,1.0,104,kept_ours
prev_obpm,0,,,523,filled_empty
prev_porpag,0,,,523,filled_empty
prev_usg,432,0.9858,1.0,91,kept_ours
pts,820,0.9716,1.0,0,kept_ours
rec_rank,724,-0.952,2.45,0,kept_ours
rim_pct,729,0.9778,1.0,6,kept_ours
rsci,0,,,667,filled_empty
sos,0,,,659,filled_empty
stl,819,1.0,1.0,1,coalesced_identical
stl_per,815,1.0,1.0,6,coalesced_identical
stops,668,0.9655,1.0,153,kept_ours
t_3p_shrunk,749,1.0,1.0,1,coalesced_identical
t_3p_shrunk_n,820,1.0,1.0,1,coalesced_identical
t_ast_share,819,1.0,1.0,1,coalesced_identical
t_bpm_first_to_last,542,1.0,1.0,0,coalesced_identical
t_bpm_share,819,1.0,1.0,1,coalesced_identical
t_conf_strength_prior,778,1.0,1.0,1,coalesced_identical
t_conf_strength_same,820,1.0,1.0,1,coalesced_identical
t_freshman_bpm_age_z,779,1.0,1.0,1,coalesced_identical
t_ft_minus_3p,749,1.0,1.0,1,coalesced_identical
t_ft_shrunk,779,1.0,1.0,1,coalesced_identical
t_ft_shrunk_n,820,1.0,1.0,1,coalesced_identical
t_porpag_share,820,1.0,1.0,1,coalesced_identical
t_pts_share,819,1.0,1.0,1,coalesced_identical
t_team_adjoe_mean,820,1.0,1.0,1,coalesced_identical
t_team_adrtg_mean,820,1.0,1.0,1,coalesced_identical
t_team_bpm_sum,820,1.0,1.0,1,coalesced_identical
t_team_n_players,820,1.0,1.0,1,coalesced_identical
t_tm_bpm_max,820,1.0,1.0,1,coalesced_identical
t_tm_bpm_mw,820,1.0,1.0,1,coalesced_identical
t_tm_recrank_best,818,-0.2612,1.3861,1,kept_ours
t_tm_top2_bpm_mean,820,1.0,1.0,1,coalesced_identical
t_tm_usg_mw,820,1.0,1.0,1,coalesced_identical
t_usg_share,820,1.0,1.0,1,coalesced_identical
treb,820,1.0,1.0,0,coalesced_identical
twoP_per,815,1.0,0.01,6,kept_ours
usg,815,0.9783,1.0,6,kept_ours
weight_lb,1005,0.9828,1.0,96,coalesced_combine
wing_minus_height,806,0.983,0.75,18,kept_ours
wingspan_in,806,0.9991,1.0,18,coalesced_identical
