pid,el_league,el_level,el_best_level,el_season_year,el_n_seasons,el_gp,el_mpg,el_min_total,el_pts36,el_reb36,el_ast36,el_stl36,el_blk36,el_tov36,el_3pa36,el_fta36,el_pir36,el_3p_pct,el_ft_pct,el_2p_pct,el_ts,el_efg,el_ast_ratio,el_tov_ratio,el_orb_pct,el_drb_pct,el_ftr,el_3par,el_usage36,el_adj_pts36,el_adj_pir36
Pa779a7b0cf,EuroCup,1.3,1.3,2014,1,16.0,16.625,266.0,19.27218045112782,9.960902255639098,1.5157894736842106,1.9488721804511278,0.4330827067669173,3.4646616541353383,0.4330827067669173,5.196992481203007,22.30375939849624,0.5,0.7916666666666666,0.53125,57.6%,52.4%,6.9%,15.7%,13.7%,19%,36.8%,2.5%,20.043067669172935,25.053834586466166,28.99488721804511
P5849f19551,EuroLeague,1.45,1.45,2014,1,27.0,19.3141975308642,521.4833333333333,12.488222698072805,6.896481191473042,2.05030521908658,1.304739684873278,0.5591741506599762,1.6775224519799288,4.47339320527981,4.10061043817316,12.488222698072805,0.2916666666666667,0.6818181818181818,0.48387096774193544,50.7%,46.4%,12.6%,10%,4.8%,16.7%,39.7%,28.8%,13.733317140209017,18.107922912205566,18.107922912205566
Pfc32d168da,EuroLeague,1.45,1.45,2014,3,24.0,27.289583333333336,654.95,21.898465531719978,14.115275975265286,1.3191846705855408,0.5276738682342164,1.1872662035269865,1.846858538819757,0.0,6.991678754103365,33.903046034048394,,0.7924528301886793,0.62,67.2%,62.1%,6.8%,9.3%,13.7%,28.6%,53.3%,0%,18.115043896480646,31.75277502099397,49.15941674937017
P1ef5f1c321,EuroCup,1.3,1.3,2014,1,14.0,17.49047619047619,244.86666666666667,12.555404301660767,4.116526000544514,2.058263000272257,1.234957800163354,0.2058263000272257,1.8524367002450313,3.7048734004900625,3.910699700517288,11.52627280152464,0.4444444444444445,0.7368421052631579,0.45833333333333337,60.3%,55.1%,14.4%,13.3%,0.5%,12.7%,44.1%,25.7%,12.21784916961612,16.322025592158997,14.984154641982032
P35fcccf6c9,EuroLeague,1.45,1.45,2013,1,26.0,10.12051282051282,263.1333333333333,12.449961996453002,10.315682797061058,0.35571319989865724,1.422852799594629,3.9128451988852295,1.422852799594629,0.35571319989865724,2.845705599189258,19.919939194324805,1.0,0.625,0.6086956521739131,61.9%,61.9%,2.3%,12.8%,11.8%,21.4%,34.9%,3.5%,11.212080060805675,18.05244489485685,28.883911831770966
Pf326870436,EuroLeague,1.45,1.45,2014,6,28.0,22.06845238095238,617.9166666666666,12.397788267026296,3.7519622387053273,7.177666891436279,0.8156439649359407,0.0,3.262575859743763,4.241348617666892,1.7944167228590697,13.865947403910992,0.3846153846153846,0.8181818181818181,0.4222222222222222,50%,47%,31.1%,14.3%,1.2%,10.7%,14.9%,18.9%,15.634263519892112,17.97679298718813,20.10562373567094
P96a831649e,EuroCup,1.3,1.45,2016,3,17.0,17.903921568627453,304.3666666666667,20.71054648997919,2.412879202716022,5.026831672325046,2.2118059358230204,0.0,3.2171722702880294,9.249370277078084,5.227904939218048,17.895520753477165,0.32608695652173914,0.7307692307692307,0.5,53.4%,49.3%,18%,12%,1.1%,6.5%,31.2%,33.8%,22.407604862556123,26.92371043697295,23.264176979520315
P4879fe4868,EuroLeague,1.45,1.45,2015,4,31.0,33.269354838709674,1031.35,17.637853299074035,3.67906142434673,5.951422892325593,0.9738692005623698,0.0,2.8133999127357354,6.059630581276967,6.059630581276967,21.31691472342076,0.4107142857142857,0.8571428571428572,0.4615384615384615,61.2%,53.1%,25.9%,12.1%,1.2%,11.5%,51.9%,26.2%,17.166067775246038,25.57488728365735,30.9095263489601
Pef9b8757a6,EuroCup,1.3,1.3,2013,1,16.0,17.34375,277.5,17.43567567567568,12.869189189189191,0.6227027027027027,0.41513513513513517,1.8681081081081081,2.2832432432432435,0.0,6.84972972972973,21.58702702702703,,0.36363636363636365,0.631578947368421,59%,63.7%,3.6%,13.1%,18.3%,22.6%,58.2%,0%,17.128475675675677,22.666378378378383,28.06313513513514
P049f342950,EuroLeague,1.45,1.45,2015,5,23.0,21.252898550724638,488.81666666666666,20.326639162603566,5.759214429404343,1.6938865968836305,1.0163319581301782,0.5081659790650891,2.8796072147021716,5.589825769715981,3.89593917283235,19.649084523850114,0.393939393939394,0.8260869565217391,0.5517241379310345,59.3%,55.5%,8.1%,12.9%,9.7%,10.6%,24.8%,26.1%,20.008188482389443,29.47362678577517,28.491172559582665
Pe5fb05fea3,EuroCup,1.3,1.3,2016,2,14.0,13.577380952380953,190.08333333333334,14.317930732135029,7.424112231477422,0.5302937308198159,0.0,1.5908811924594475,2.3863217886891714,1.0605874616396318,3.181762384918895,10.871021481806224,0.25,0.33333333333333337,0.7058823529411765,62.8%,67%,4%,15.9%,8.4%,16.5%,32.1%,7.9%,13.861878123629987,18.613309951775538,14.132327926348092
Pa4877bedac,EuroLeague,1.45,1.45,2016,2,30.0,18.39333333333333,551.8,14.679231605654225,6.263138818412469,2.1529539688292862,1.3700616165277275,0.3914461761507793,1.1743385284523378,4.697354113809351,2.1529539688292862,18.985139543312798,0.45833333333333337,0.8181818181818181,0.6666666666666667,72.2%,69.7%,16.2%,9.1%,5.5%,15.3%,23.2%,33.9%,11.516346502355926,21.284885828198625,27.528452337803557
Pd13759b893,EuroLeague,1.45,1.45,2016,3,25.0,22.671999999999997,566.8,20.800988002822866,3.4932956951305583,4.763585038814397,1.429075511644319,0.15878616796047992,2.064220183486239,6.351446718419196,4.128440366972478,20.800988002822866,0.35,0.6923076923076923,0.5806451612903226,57.9%,55.7%,19.2%,8.4%,3.2%,8.3%,25.1%,25.6%,20.07692307692308,30.161432604093154,30.161432604093154
Pd9320fa884,EuroLeague,1.45,1.45,2016,9,29.0,27.628735632183908,801.2333333333333,20.97815867204726,2.7362815659192083,8.860340308690768,0.7817947331197737,0.0,3.9089736655988685,9.120938553064027,5.211964887465158,22.28114989391355,0.38571428571428573,0.9,0.5609756097560976,62.6%,56.4%,29.9%,13.4%,0.8%,8%,36%,30.7%,20.665440778799354,30.41833007446853,32.30766734617465
P4d32b8b12e,EuroCup,1.3,1.3,2016,1,17.0,23.106862745098038,392.81666666666666,15.112393398107685,10.282659425516568,2.1811701811701814,1.4021808307522594,1.4021808307522594,2.025372311086597,4.518138232423946,3.2717552717552723,21.65590394161823,0.4482758620689655,0.8095238095238094,0.5526315789473685,63.3%,59.1%,13.1%,12.5%,12.6%,20.7%,30.4%,28.5%,13.90340192625907,19.64611141753999,28.152675124103702
Pcaa6f4e965,EuroLeague,1.45,1.45,2017,2,33.0,25.946969696969695,856.25,22.199124087591244,6.659737226277372,5.966014598540146,1.526189781021898,0.41623357664233573,3.1911240875912408,7.214715328467155,8.18592700729927,29.83007299270073,0.3269230769230769,0.8135593220338982,0.5769230769230769,61.2%,53.3%,21.8%,11.7%,3.8%,17.6%,56.6%,26.6%,21.222362627737226,32.1887299270073,43.25360583941606
P61add2364f,EuroCup,1.3,1.3,2017,1,16.0,20.160416666666666,322.56666666666666,18.749612483207606,5.714167613929937,1.6071096414177948,1.2499741655471737,0.35713547587062106,2.4999483310943473,6.0713030898005576,4.999896662188695,19.285315697013537,0.35294117647058826,0.7500000000000001,0.5609756097560976,60.1%,55.8%,8%,12.5%,2.6%,16.2%,37.5%,31.3%,18.092483207605664,24.37449622816989,25.070910406117598
Pefe5f00afd,EuroCup,1.3,1.45,2017,5,16.0,26.603125,425.65,16.644661106542937,7.4427346411370845,1.7591918242687656,1.2179020321860683,0.5412897920826971,0.6766122401033714,7.0367672970750625,2.977093856454834,22.05755902736991,0.5,0.8636363636363635,0.631578947368421,76.7%,73.5%,13.3%,5.1%,7.5%,17%,31%,52.7%,11.59442734641137,21.63805943850582,28.674826735580883
P7f30d796bb,EuroLeague,1.45,1.45,2017,6,28.0,18.389880952380953,514.9166666666666,13.898948049846252,1.957598316879754,2.7406376436316555,0.7830393267519016,0.1957598316879754,0.978799158439877,7.634633435831041,1.957598316879754,10.375271079462696,0.4102564102564103,0.9,0.43749999999999994,59.1%,56.1%,18.1%,5.9%,2.1%,4.7%,17.9%,49.7%,12.606933160705616,20.153474672277067,15.044143065220908
Pabb4255b19,EuroCup,1.3,1.3,2009,1,12.0,17.650000000000002,211.8,16.725212464589234,11.626062322946176,0.40793201133144474,0.611898016997167,1.631728045325779,2.0396600566572234,0.0,5.711048158640226,19.988668555240793,,0.7500000000000001,0.5254237288135593,57.9%,52.1%,2%,12.1%,13.1%,29.3%,46.5%,0%,16.586515580736545,21.742776203966006,25.98526912181303
Pe97fa79993,EuroCup,1.3,1.3,2009,2,12.0,23.281944444444445,279.3833333333333,13.143232118355902,8.968323092525203,3.092525204319036,1.546262602159518,0.3092525204319036,2.62864642367118,4.32953528604665,3.865656505398795,16.545009843106843,0.25,0.6799999999999999,0.5,48.5%,44.6%,16.1%,13.4%,10.3%,21.7%,32.6%,22.8%,16.081131062458986,17.086201753862674,21.508512796038897
P76dbb66d26,EuroLeague,1.45,1.45,2009,2,16.0,13.620833333333334,217.93333333333334,15.85806056898134,10.836341388803914,0.2643010094830223,0.7929030284490669,2.378709085347201,3.7002141327623126,0.0,4.757418170694402,13.743652493117162,,0.6111111111111112,0.5,53.5%,50.6%,1.7%,20%,14.7%,23%,37.7%,0%,18.47992658305292,22.994187825022944,19.928296115019883
Pb5da2dd439,EuroLeague,1.45,1.45,2010,1,15.0,15.431111111111111,231.46666666666667,17.963709677419356,13.53110599078341,0.4665898617511521,0.4665898617511521,1.6330645161290323,3.2661290322580645,0.0,3.9660138248847923,22.629608294930875,,0.8823529411764706,0.7209302325581396,75.2%,70.8%,3%,20.9%,14%,31.4%,40%,0%,15.042857142857144,26.047379032258064,32.812932027649765
P4ec69893f6,EuroLeague,1.45,1.45,2010,3,15.0,27.02888888888889,405.43333333333334,13.45227328784017,4.794869686754912,1.46509907095289,1.731480720217052,1.198717421688728,2.1310531941132944,2.5306256680095367,4.794869686754912,13.718654937104333,0.3684210526315789,0.4444444444444445,0.6,56.8%,58.2%,9.2%,13.8%,7.3%,8.1%,49.1%,16.1%,14.096916879059442,19.505796267368247,19.89204965880128
Pce366ff1b3,EuroCup,1.3,1.3,2010,2,16.0,27.371875,437.95,14.335883091677134,7.36522434067816,1.0521749058111658,1.1836967690375613,0.7891311793583742,2.8934809909807058,2.1043498116223316,5.7869619819614115,14.335883091677134,0.125,0.6363636363636362,0.5068493150684932,49.9%,45.5%,5.4%,15.8%,8.4%,15.2%,49.7%,11.8%,17.145190090192948,18.636648019180274,18.636648019180274
P31bc34ca23,EuroLeague,1.45,1.45,2010,1,20.0,15.001666666666669,300.03333333333336,15.838240195533826,7.679146761470947,1.4398400177758024,0.9598933451838684,1.1998666814798353,1.4398400177758024,3.8395733807354735,3.359626708143539,19.6778135762693,0.37499999999999994,0.8571428571428572,0.5625,60.9%,56.2%,9%,9.8%,8.1%,17%,29.2%,23.3%,14.43679591156538,22.965448283524047,28.532829685590485
Pd125ec3ee3,EuroLeague,1.45,1.45,2017,4,36.0,26.110648148148147,939.9833333333333,15.579850706572813,3.7226191953758048,5.2392418305289095,1.7923722051809432,0.1378747850139187,2.0681217752087804,4.549867905459316,4.963492260501073,17.785847266795514,0.33333333333333337,0.8611111111111112,0.4528301886792453,55.2%,47.4%,24.6%,9.5%,3%,10%,42%,21.4%,16.109289881026257,22.59078352453058,25.789478536853494
Pc0b16a51f2,EuroCup,1.3,1.3,2010,1,16.0,23.585416666666667,377.3666666666667,10.531931808144156,4.426464093277978,5.189647557636251,1.679003621588199,0.3052733857433089,2.900097164561434,3.052733857433089,2.136913700203162,13.584665665577248,0.45,0.7857142857142858,0.4705882352941177,56.9%,52.9%,29.7%,17.1%,3.5%,11.7%,25.3%,17.6%,12.082720607720166,13.691511350587403,17.66006536525042
P0dca4f55c4,EuroLeague,1.45,1.45,2011,1,15.0,16.827777777777776,252.41666666666663,14.119511389897657,10.268735556289204,1.0696599537801257,1.4975239352921759,0.8557279630241005,2.3532518983162762,0.0,5.562231759656654,19.68174314955431,,0.8076923076923077,0.5609756097560976,63.3%,55.7%,6.9%,16.6%,12.9%,21.8%,63.9%,0%,13.571845493562233,20.4732915153516,28.53852756685375
P289650de8a,EuroCup,1.3,1.3,2011,1,14.0,22.139285714285712,309.95,13.333763510243589,6.341668010969512,0.6504274883045653,0.6504274883045653,2.764316825294402,2.764316825294402,0.0,4.552992418131957,15.93547346346185,,0.6785714285714286,0.6326530612244897,66.7%,63.8%,5.2%,20.7%,8.2%,13.8%,56.5%,0%,12.73537022100339,17.333892563316667,20.716115502500404
P909613bae5,EuroLeague,1.45,1.45,2010,3,20.0,34.12583333333333,682.5166666666667,16.245757124368147,5.802056115845767,0.8439354350321115,0.6329515762740836,0.5274596468950697,1.2659031525481672,7.173451197772947,2.742790163854363,13.713950819271814,0.35294117647058826,0.6923076923076923,0.4705882352941177,52.3%,50.2%,4.8%,7.2%,4.7%,14.1%,19.5%,40.6%,16.81963322018998,23.556347830333813,19.885228687944128
P0c0603520c,EuroLeague,1.45,1.45,2010,3,18.0,25.525,459.45,7.616062683643487,3.666993143976494,4.7952987267384914,1.9745347698334965,0.0,1.692458374142997,5.077375122428991,1.692458374142997,11.28305582761998,0.3333333333333333,0.75,0.4444444444444445,54.3%,50.6%,35.4%,12.2%,2.3%,9.5%,25.9%,37.2%,8.783858961802157,11.043290891283055,16.360430950048972
P10bdb64d5d,EuroLeague,1.45,1.45,2011,1,21.0,21.634920634920633,454.33333333333326,17.638151137197358,4.326338958180485,4.991929567131328,0.9983859134262656,0.3327953044754219,2.828760088041086,5.32472487160675,3.327953044754219,18.303741746148205,0.5,0.85,0.48837209302325585,62.9%,59.2%,23%,12.8%,4.3%,10.2%,26.6%,24.4%,16.772883345561265,25.575319148936167,26.540425531914895
Pae1e3e2903,EuroCup,1.3,1.3,2009,1,12.0,23.030555555555555,276.3666666666667,16.725606078880713,3.595223736581836,2.0320829815462553,1.0941985285249065,0.0,2.344711132553371,5.314678567120974,3.28259558557472,15.318779399348692,0.4411764705882353,0.8095238095238094,0.55,64%,60.7%,11.9%,13.4%,1.4%,12%,28.1%,30.6%,15.356294777469545,21.743287902544928,19.9144132191533
P1223e5ee2c,EuroLeague,1.45,1.45,2016,1,23.0,17.306521739130435,398.05,17.889209898253984,2.080140685843487,1.248084411506092,2.080140685843487,0.624042205753046,1.4560984800904408,8.528576811958295,5.824393920361763,12.064815977892223,0.41463414634146345,0.7142857142857143,0.3478260869565218,56.5%,52%,6.4%,7.8%,0.8%,6%,43.5%,46%,17.33173219444793,25.939354352468275,17.493983167943725
P824176de50,EuroCup,1.3,1.3,2012,1,11.0,32.17121212121212,353.8833333333333,18.016107003249658,3.3570385720340976,2.685630857627278,0.5595064286723497,0.44760514293787973,1.566618000282579,5.147459143785617,4.699854000847737,17.568501860311777,0.5,0.8333333333333333,0.4084507042253521,59.3%,53.9%,13.7%,7.9%,1.9%,9.2%,35.7%,26.8%,16.727004191588566,23.420939104224555,22.83905241840531
P15c3bdbcba,EuroCup,1.3,1.3,2012,2,9.0,13.77962962962963,124.01666666666667,17.504098911436635,8.882677059535007,1.5675312458002955,0.5225104152667652,0.7837656229001477,5.486359360301035,1.0450208305335305,6.792635398467948,16.720333288536487,0.0,0.6153846153846154,0.6190476190476191,57.6%,54.8%,6.6%,25%,13.2%,17%,54.8%,5.3%,20.492858486762533,22.755328584867627,21.736433275097433
Pe364fefd34,EuroLeague,1.45,1.45,2012,2,31.0,18.14569892473118,562.5166666666667,11.90364729933928,6.943794257947913,1.3887588515895826,0.7935764866226187,0.39678824331130935,1.7855470949008918,7.340582501259223,2.777517703179165,10.514888447749696,0.27027027027027023,0.6428571428571429,0.5238095238095238,46.7%,43.6%,9.2%,10.8%,4.5%,17.3%,24.3%,45.9%,14.514513940327697,17.260288584041955,15.246588249237059
Pf0c15e8037,EuroLeague,1.45,1.45,2012,1,24.0,23.956944444444446,574.9666666666667,12.622644791002378,3.3059307785958607,1.5026958084526638,1.0518870659168646,0.3005391616905328,2.4043132935242624,4.3578178445127245,2.1037741318337293,6.762131138036987,0.3448275862068966,0.8571428571428572,0.3846153846153846,48.2%,44.6%,9.2%,14%,3%,8.3%,17%,25.8%,15.50180995999768,18.302834946953446,9.805090150153632
P44154d877a,EuroLeague,1.45,1.45,2013,1,23.0,31.434782608695652,723.0,16.949377593361,4.23734439834025,4.23734439834025,1.8323651452282157,0.22904564315352696,3.893775933609958,6.756846473029046,3.4356846473029043,14.544398340248962,0.3728813559322034,0.7666666666666666,0.42857142857142855,51.9%,48.5%,17.2%,15.9%,2.8%,11.3%,23.2%,27.6%,20.178921161825727,24.57659751037345,21.089377593360997
Paf95fb158c,EuroCup,1.3,1.3,2013,1,15.0,15.391111111111112,230.86666666666667,20.81721051111753,7.7187409760323415,1.4034074501876983,1.637308691885648,3.040716142073347,5.379728559052844,0.23390124169794974,7.952642217730291,22.688420444701123,1.0,0.7058823529411765,0.5849056603773585,63.7%,59.1%,6.1%,23.1%,7.5%,17.9%,62.2%,1.4%,21.509558186543455,27.06237366445279,29.49494657811146
Pf1eb0b11c1,EuroCup,1.3,1.3,2014,1,16.0,20.961458333333333,335.3833333333333,19.92227799035929,7.041494806937335,1.3739502062316753,1.5456939820106346,2.0609253093475126,2.7479004124633506,3.950106842916066,4.465338170252945,22.49843462704368,0.47826086956521746,0.6923076923076923,0.5892857142857143,64.6%,62.3%,6.6%,14.3%,5.1%,17.8%,32.5%,20.3%,18.280407493912442,25.89896138746708,29.247965015156783
Pb59dd639f9,EuroCup,1.3,1.3,2013,2,16.0,25.083333333333332,401.3333333333333,14.926245847176082,2.5833887043189367,3.300996677740864,0.14352159468438538,0.28704318936877077,2.7269102990033223,4.8797342192691024,1.435215946843854,11.194684385382061,0.5294117647058824,0.9,0.47727272727272724,63.3%,61.3%,18.7%,15.1%,1.6%,6.7%,12.9%,27.3%,14.55308970099668,19.404119601328908,14.55308970099668
P0acc99bae4,EuroLeague,1.45,1.45,2013,3,22.0,22.878030303030304,503.31666666666666,17.15182621941124,4.248617503890857,2.5176992615649523,1.1014934269346666,0.15735620384780952,1.8882744461737142,5.664823338521143,4.563329911586476,15.735620384780953,0.3611111111111111,0.6896551724137931,0.45454545454545453,52.1%,48.3%,12.1%,9%,6.3%,7.7%,31.8%,27.2%,18.215554157422428,24.8701480181463,22.81664955793238
P187235ce4e,EuroLeague,1.45,1.45,2013,4,30.0,22.866111111111113,685.9833333333333,10.076046551179571,4.7231468208654235,4.565708593503243,1.2595058188974464,0.1574382273621808,2.0466969557083505,3.7785174566923385,1.7318205009839889,14.641755144682815,0.4166666666666667,0.7272727272727273,0.52,59.7%,57.8%,30.6%,13.2%,2.4%,12.8%,22.4%,25%,10.523171116888165,14.610267499210378,21.23054495979008
P5aa610b7ff,EuroCup,1.3,1.3,2014,3,15.0,23.755555555555553,356.3333333333333,13.184284377923294,4.243217960710945,1.9700654817586534,0.9092609915809168,0.0,1.9700654817586534,4.546304957904584,5.0009354536950426,12.578110383536018,0.26666666666666666,0.787878787878788,0.48717948717948717,52%,44.2%,12.1%,11.5%,3.1%,10.8%,48.1%,27.3%,14.626978484565017,17.139569691300284,16.351543498596822
P11ed05516e,EuroLeague,1.45,1.45,2014,1,22.0,16.54090909090909,363.9,16.758450123660346,4.3528441879637265,2.1764220939818633,1.3058532563891179,0.4352844187963727,2.1764220939818633,7.617477328936522,2.3940643033800497,13.276174773289366,0.37142857142857144,0.7272727272727273,0.6,59.3%,57.2%,11.9%,11.3%,3.6%,10.3%,18.2%,41%,16.288342951360264,24.2997526793075,19.25045342126958
P07954fea73,EuroLeague,1.45,1.45,2015,2,19.0,8.826315789473684,167.7,11.012522361359572,3.670840787119857,2.039355992844365,0.407871198568873,0.815742397137746,1.631484794275492,5.710196779964222,1.631484794275492,5.710196779964222,0.4285714285714286,0.5,0.36363636363636365,52%,51.1%,13.6%,12.1%,3.4%,8%,15.2%,39.3%,12.546118067978535,15.968157423971379,8.27978533094812
Pbced5f5600,EuroLeague,1.45,1.45,2016,5,30.0,19.741111111111113,592.2333333333333,17.506613384364268,8.388585580007879,1.2765238926098945,1.2765238926098945,1.64124500478415,2.005966116958406,2.3706872291326615,3.2824900095683,19.512579501322673,0.3846153846153846,0.7222222222222222,0.6346153846153846,65.8%,63.9%,8.1%,11.8%,11%,17.4%,28.4%,14.3%,15.303697866831763,25.38458940732819,28.293240276917874
Pac86c1698b,EuroLeague,1.45,1.45,2016,6,34.0,21.666176470588233,736.65,12.62797800855223,2.3262064752596214,5.981673793524741,1.1631032376298107,0.16615760537568725,2.658521686010996,3.1569945021380574,2.3262064752596214,14.621869273060478,0.4736842105263158,0.7857142857142858,0.5428571428571428,62.7%,60.3%,31.5%,14.6%,1.7%,6.1%,26.5%,16.9%,12.65456322541234,18.310568112400734,21.201710445937692
P495da5b1cd,EuroLeague,1.45,1.45,2009,1,15.0,23.32888888888889,349.93333333333334,12.49952371880358,4.47513812154696,0.7715755381977519,1.0802057534768525,0.1543151076395504,1.8517812916746044,6.326919413221566,2.3147266145932557,9.876166888931225,0.39024390243902446,0.4666666666666666,0.5,54.9%,55.4%,5.8%,13.1%,4.4%,12.1%,22.8%,45.2%,13.209373213945511,18.12430939226519,14.320441988950275
P404f9fdfb6,EuroLeague,1.45,1.45,2011,2,22.0,19.82121212121212,436.06666666666666,11.079039902155634,6.1752025684146155,1.0897416297202263,0.9081180247668552,0.5448708148601131,0.9081180247668552,3.4508484941140494,2.7243540743005656,13.440146766549459,0.3157894736842105,0.6666666666666666,0.6153846153846154,58.7%,56%,10%,8.6%,6.1%,15.5%,32%,30%,10.279896040360802,16.06460785812567,19.488212811496716
