pid,wk_level,wk_best_level,wk_season_end,wk_n_seasons,wk_gp,wk_mpg,wk_min_total,wk_pts36,wk_reb36,wk_ast36,wk_stl36,wk_blk36,wk_fg_pct,wk_3p_pct,wk_ft_pct,wk_adj_pts36,wk_is_college_row
P58604dcdcf,1.0,1.0,2017,4,37.0,32.4,1198.8,15.555555555555555,7.333333333333333,3.0,0.888888888888889,0.4444444444444445,0.457,0.314,0.587,15.555555555555555,1.0
P3e493925a2,1.0,1.0,2015,1,12.0,31.6,379.20000000000005,20.50632911392405,7.177215189873417,6.7215189873417724,1.8227848101265822,0.11392405063291139,0.478,0.342,0.574,20.50632911392405,0.0
Pa779a7b0cf,1.3,1.45,2015,2,16.0,16.6,265.6,19.30120481927711,9.97590361445783,1.5180722891566263,1.9518072289156625,0.6506024096385541,0.519,0.25,0.795,25.091566265060244,0.0
P6c859977a5,1.0,1.0,2015,4,36.0,36.7,1321.2,20.305177111716617,4.316076294277929,3.7275204359673015,1.0790190735694822,0.0,0.448,0.357,0.925,20.305177111716617,1.0
P5849f19551,1.45,1.45,2015,2,7.0,0.397,2.779,607.5566750629723,99.74811083123426,63.47607052896725,27.204030226700247,607.5566750629723,0.303,0.667,3.7,880.9571788413099,0.0
Pfc32d168da,1.45,1.45,2015,3,24.0,0.621,14.904,1489.855072463768,57.971014492753625,23.18840579710145,52.17391304347826,962.3188405797102,,0.781,10.7,2160.2898550724635,0.0
P1ef5f1c321,1.45,1.45,2014,1,10.0,15.1,151.0,5.960264900662252,6.437086092715232,2.1456953642384105,0.4768211920529802,0.2384105960264901,0.355,0.143,0.5,8.642384105960264,0.0
P35fcccf6c9,1.45,1.45,2014,1,26.0,10.1,262.59999999999997,12.475247524752476,10.336633663366337,0.3564356435643565,1.425742574257426,3.920792079207921,0.603,0.667,0.545,18.08910891089109,0.0
Pf326870436,1.45,1.45,2015,9,16.0,0.403,6.448,759.3052109181141,393.0521091811414,44.66501240694789,0.0,678.9081885856078,0.365,0.833,2.3,1100.9925558312655,0.0
Pcb1e0b77ca,1.0,1.0,2010,4,34.0,32.6,1108.4,19.32515337423313,3.202453987730061,3.0920245398773005,1.5460122699386503,0.11042944785276074,0.447,0.406,0.848,19.32515337423313,1.0
P4879fe4868,1.45,1.45,2016,2,31.0,33.3,1032.3,17.621621621621625,3.675675675675676,5.9459459459459465,0.972972972972973,0.0,0.427,0.402,0.851,25.551351351351354,0.0
Pe528778159,1.0,1.0,2014,4,32.0,35.5,1136.0,18.253521126760564,3.143661971830986,3.954929577464789,2.4338028169014083,0.10140845070422536,0.424,0.29,0.746,18.253521126760564,1.0
P53f786523f,1.45,1.45,2016,1,7.0,10.5,73.5,7.200000000000001,4.8,2.057142857142857,1.0285714285714285,1.3714285714285714,0.333,0.25,0.5,10.440000000000001,0.0
P9c2d575f48,1.0,1.0,2016,2,42.0,34.2,1436.4,16.63157894736842,10.210526315789473,1.5789473684210524,1.1578947368421053,3.263157894736842,0.603,0.6,0.758,16.63157894736842,0.0
P9260f65add,1.0,1.0,2016,3,35.0,36.7,1284.5,23.93460490463215,4.217983651226157,9.122615803814714,,,0.44,0.355,0.848,23.93460490463215,1.0
P83cf60968a,1.3,1.3,2016,3,5.0,0.339,1.695,499.11504424778764,42.477876106194685,21.238938053097343,95.57522123893804,615.9292035398229,0.421,0.75,5.4,648.849557522124,0.0
Paca468f5b5,1.45,1.45,2016,1,6.0,5.0,30.0,10.8,12.239999999999998,,,2.1599999999999997,0.308,,0.5,15.66,0.0
Pcf60b82b9d,1.45,1.45,2016,3,1.0,0.475,0.475,538.1052631578948,90.94736842105263,30.315789473684212,53.05263157894737,401.6842105263158,0.278,1.0,3.1,780.2526315789474,0.0
P049f342950,1.45,1.45,2016,5,20.0,0.486,9.719999999999999,859.2592592592592,74.07407407407408,44.44444444444444,22.22222222222222,888.8888888888889,0.377,0.827,3.4,1245.9259259259259,0.0
P2bc89b6490,1.3,1.3,2016,4,10.0,27.3,273.0,15.956043956043954,5.67032967032967,7.252747252747253,2.10989010989011,,0.404,0.269,0.76,20.74285714285714,0.0
Pb2b564e4f2,1.1,1.1,2018,6,38.0,33.3,1265.3999999999999,18.81081081081081,5.297297297297298,3.891891891891892,1.837837837837838,0.21621621621621623,0.482,0.399,0.86,20.691891891891892,0.0
P54d4de841c,1.2,1.2,2017,1,30.0,15.2,456.0,10.894736842105264,2.605263157894737,1.4210526315789473,0.4736842105263158,0.7105263157894737,0.381,0.313,0.6,13.073684210526316,0.0
Pa4877bedac,1.45,1.45,2017,2,6.0,0.577,3.4619999999999997,605.1993067590988,68.630849220104,43.67417677642981,12.47833622183709,467.93760831889085,0.479,0.848,3.2,877.5389948006932,0.0
Pd13759b893,1.45,1.45,2017,4,25.0,22.6,565.0,20.86725663716814,3.504424778761062,4.778761061946902,1.4336283185840706,0.1592920353982301,0.49,0.34,0.688,30.257522123893803,0.0
Pd9320fa884,1.45,1.45,2017,11,6.0,0.444,2.664,1386.4864864864865,551.3513513513514,48.648648648648646,0.0,1305.4054054054054,0.381,0.897,2.1,2010.4054054054052,0.0
P35bbbcf03e,1.0,1.0,2017,5,35.0,33.3,1165.5,16.324324324324326,4.972972972972973,2.9189189189189193,1.2972972972972974,,0.473,0.384,0.795,16.324324324324326,1.0
Pcaa6f4e965,1.45,1.45,2018,8,33.0,25.9,854.6999999999999,22.23938223938224,6.671814671814672,5.976833976833976,1.528957528957529,0.416988416988417,0.451,0.329,0.816,32.24710424710425,0.0
P61add2364f,1.45,1.45,2016,1,10.0,7.8,78.0,12.461538461538462,6.000000000000001,3.230769230769231,0.9230769230769231,0.46153846153846156,0.357,0.25,0.667,18.069230769230767,0.0
Pf5ec6d144b,1.1,1.1,2017,1,11.0,20.8,228.8,14.192307692307692,5.711538461538461,3.634615384615385,0.6923076923076923,0.6923076923076923,0.431,0.324,0.8,15.611538461538462,0.0
Pefc5241948,1.2,1.2,2017,1,4.0,3.2,12.8,0.0,,5.625,7.874999999999999,,0.0,,,0.0,0.0
Pefe5f00afd,1.45,1.45,2016,1,31.0,25.3,784.3000000000001,12.09486166007905,4.83794466403162,2.2766798418972334,1.4229249011857708,0.1422924901185771,0.489,0.472,0.868,17.53754940711462,0.0
P7f30d796bb,1.45,1.45,2018,2,28.0,18.4,515.1999999999999,13.891304347826088,1.956521739130435,2.739130434782609,0.782608695652174,0.1956521739130435,0.417,0.409,0.857,20.142391304347825,0.0
P29710a392c,1.45,1.45,2010,1,3.0,14.9,44.7,12.805369127516776,0.7248322147651006,4.10738255033557,0.7248322147651006,0.0,0.333,0.111,0.5,18.567785234899326,0.0
P10d6b2ba68,1.0,1.0,2007,4,30.0,34.5,1035.0,15.860869565217389,5.0086956521739125,1.8782608695652172,1.2521739130434781,0.10434782608695653,0.42,0.424,0.832,15.860869565217389,1.0
Pdb8fb82c3b,1.0,1.0,2010,5,38.0,23.2,881.6,21.879310344827584,14.431034482758621,0.9310344827586207,0.9310344827586207,2.4827586206896552,0.543,0.0,0.582,21.879310344827584,0.0
P74a501a7bb,1.45,1.45,2013,1,13.0,15.2,197.6,15.394736842105264,2.605263157894737,1.6578947368421053,0.9473684210526316,0.2368421052631579,0.483,0.556,0.727,22.32236842105263,0.0
Pabb4255b19,1.3,1.3,2010,2,12.0,17.7,212.39999999999998,16.88135593220339,11.593220338983052,0.4067796610169492,0.6101694915254237,1.6271186440677967,0.521,,0.758,21.945762711864408,0.0
P5969d3ea2a,1.45,1.45,2009,1,4.0,7.8,31.2,9.230769230769232,6.923076923076923,0.0,1.3846153846153846,0.0,0.429,0.0,0.667,13.384615384615385,0.0
Pb5da2dd439,1.45,1.45,2011,1,15.0,15.4,231.0,18.0,13.558441558441556,0.4675324675324675,0.4675324675324675,1.6363636363636362,0.708,,0.885,26.099999999999998,0.0
P4ec69893f6,1.45,1.45,2011,3,14.0,0.536,7.5040000000000004,691.7910447761194,73.88059701492537,87.3134328358209,60.447761194029844,678.3582089552237,0.357,0.444,3.6,1003.0970149253731,0.0
Pce366ff1b3,1.3,1.45,2011,3,16.0,0.441,7.056,889.795918367347,65.3061224489796,73.46938775510203,48.97959183673469,889.795918367347,0.154,0.62,5.6,1156.734693877551,0.0
P31bc34ca23,1.45,1.45,2009,1,1.0,2.1,2.1,0.0,0.0,0.0,0.0,0.0,0.0,0.0,0.0,0.0,0.0
Pd125ec3ee3,1.45,1.45,2018,7,36.0,26.1,939.6,15.586206896551724,3.7241379310344827,5.2413793103448265,1.793103448275862,0.13793103448275862,0.41,0.333,0.855,22.599999999999998,0.0
Pc0b16a51f2,1.3,1.3,2012,2,9.0,0.444,3.996,956.7567567567568,389.18918918918916,64.86486486486487,8.108108108108109,827.027027027027,0.3,0.769,3.8,1243.7837837837837,0.0
P0dca4f55c4,1.45,1.45,2012,1,15.0,16.8,252.0,14.142857142857142,10.285714285714285,1.0714285714285714,1.5,0.8571428571428571,0.557,0.0,0.795,20.507142857142856,0.0
P8e2f7481af,1.45,1.45,2012,1,9.0,20.6,185.4,14.504854368932039,7.514563106796115,1.7475728155339805,0.524271844660194,0.17475728155339806,0.5,0.286,0.682,21.032038834951454,0.0
P909613bae5,1.45,1.45,2012,6,10.0,0.437,4.37,1705.2631578947367,98.85583524027459,41.18993135011441,82.37986270022883,1787.6430205949655,0.431,0.7,6.0,2472.631578947368,0.0
Pc6095e56a1,1.0,1.0,2006,4,30.0,24.3,729.0,17.925925925925924,7.555555555555555,2.3703703703703702,1.1851851851851851,1.6296296296296295,0.44,0.357,0.688,17.925925925925924,1.0
P0c0603520c,1.45,1.45,2012,9,10.0,28.6,286.0,9.188811188811188,4.0279720279720275,5.79020979020979,2.769230769230769,,0.439,0.308,0.846,13.323776223776223,0.0
P10bdb64d5d,1.45,1.45,2012,3,3.0,0.487,1.4609999999999999,813.1416837782341,221.76591375770022,44.35318275154004,14.784394250513348,783.5728952772073,0.493,0.833,2.6,1179.0554414784394,0.0
P1223e5ee2c,1.45,1.45,2017,5,23.0,17.2,395.59999999999997,18.0,2.0930232558139537,1.255813953488372,2.0930232558139537,0.627906976744186,0.34,0.415,0.703,26.099999999999998,0.0
P56b91ee390,1.45,1.45,2013,2,15.0,11.2,168.0,16.392857142857142,3.535714285714286,0.9642857142857143,1.2857142857142858,0.32142857142857145,0.446,0.324,1.0,23.769642857142856,0.0
Pa0a2c9503f,1.45,1.45,2013,3,7.0,15.4,107.8,15.428571428571427,8.415584415584416,2.103896103896104,0.23376623376623376,0.23376623376623376,0.531,0.5,0.8,22.37142857142857,0.0
P05c9e8e43e,1.45,1.45,2010,3,1.0,1.0,1.0,0.0,0.0,0.0,0.0,0.0,0.0,0.0,0.0,0.0,0.0
P7d52184fb7,1.45,1.45,2011,4,12.0,0.438,5.256,616.4383561643835,57.534246575342465,90.41095890410959,32.87671232876713,747.9452054794519,0.367,1.0,4.3,893.8356164383562,0.0
Pe364fefd34,1.45,1.45,2013,4,4.0,0.354,1.416,538.9830508474577,71.1864406779661,40.67796610169492,20.33898305084746,610.1694915254237,0.261,0.659,3.5,781.5254237288136,0.0
Paf55ace901,1.45,1.45,2012,2,10.0,13.0,130.0,15.784615384615385,9.138461538461538,1.3846153846153846,0.27692307692307694,1.1076923076923078,0.385,,0.794,22.88769230769231,0.0
Paec8fae19e,1.0,1.0,2013,4,30.0,33.0,990.0,14.618181818181819,5.018181818181818,1.6363636363636365,1.3090909090909089,0.4363636363636364,0.441,0.336,0.735,14.618181818181819,1.0
P3997afa4f2,1.45,1.45,2012,1,4.0,15.0,60.0,4.8,10.8,1.2,0.72,0.72,0.2,0.167,0.5,6.96,0.0
P360c31499c,1.45,1.45,2013,1,7.0,8.0,56.0,10.35,13.5,1.3499999999999999,1.8,3.15,0.636,0.0,1.0,15.007499999999999,0.0
P44154d877a,1.45,1.45,2014,2,18.0,0.401,7.218,1140.149625935162,332.1695760598504,143.64089775561098,17.955112219451372,1328.6783042394015,0.37,0.754,3.7,1653.2169576059848,0.0
Paf95fb158c,1.45,1.45,2013,1,6.0,3.7,22.200000000000003,17.513513513513512,6.8108108108108105,0.0,1.9459459459459458,4.864864864864865,0.625,1.0,0.0,25.394594594594594,0.0
Pe73b4eac92,1.05,1.05,2014,1,17.0,13.2,224.39999999999998,13.09090909090909,8.454545454545455,0.5454545454545455,1.090909090909091,2.181818181818182,0.464,0.304,0.733,13.745454545454544,0.0
Pf1eb0b11c1,1.0,1.0,2015,3,34.0,21.7,737.8,17.75115207373272,7.963133640552995,0.663594470046083,1.4930875576036866,1.6589861751152075,0.471,0.313,0.774,17.75115207373272,0.0
P0acc99bae4,1.45,1.45,2014,2,19.0,0.413,7.8469999999999995,871.6707021791768,139.4673123486683,61.016949152542374,8.716707021791768,950.1210653753028,0.354,0.703,2.7,1263.9225181598063,0.0
P187235ce4e,1.45,1.45,2014,4,30.0,22.9,687.0,10.06113537117904,4.716157205240175,4.558951965065502,1.25764192139738,0.1572052401746725,0.476,0.417,0.697,14.588646288209606,0.0
P5aa610b7ff,1.0,1.0,2011,4,34.0,33.9,1152.6,20.38938053097345,6.15929203539823,1.6991150442477878,1.4867256637168142,0.3185840707964602,0.386,0.33,0.86,20.38938053097345,1.0
P3fe5b0aa24,1.0,1.0,2011,4,31.0,26.7,827.6999999999999,9.707865168539326,8.359550561797754,1.348314606741573,1.0786516853932584,0.4044943820224719,0.459,0.239,0.519,9.707865168539326,1.0
P11ed05516e,1.45,1.45,2015,3,2.0,0.462,0.924,475.3246753246753,77.92207792207792,46.75324675324675,15.584415584415584,600.0,0.382,0.75,2.0,689.2207792207791,0.0
P07954fea73,1.45,1.45,2016,2,5.0,0.391,1.955,128.9002557544757,46.03580562659847,9.207161125319693,18.414322250639387,248.5933503836317,0.423,0.571,0.9,186.90537084398974,0.0
Pbced5f5600,1.45,1.45,2017,2,30.0,19.7,591.0,17.543147208121827,8.406091370558375,1.2791878172588833,1.2791878172588833,1.6446700507614214,0.598,0.41,0.709,25.437563451776647,0.0
Pac86c1698b,1.45,1.45,2017,11,29.0,0.542,15.718000000000002,584.5018450184501,239.1143911439114,46.494464944649444,6.642066420664206,504.7970479704796,0.477,0.735,1.4,847.5276752767527,0.0
Pe39c876df8,1.0,1.0,2009,4,31.0,33.9,1050.8999999999999,21.345132743362832,4.884955752212389,4.1415929203539825,2.336283185840708,0.6371681415929203,0.452,0.407,0.72,21.345132743362832,1.0
P495da5b1cd,1.45,1.45,2011,3,10.0,0.411,4.109999999999999,1340.1459854014602,157.66423357664235,148.90510948905109,17.51824817518248,1576.6423357664235,0.309,0.765,3.5,1943.2116788321173,0.0
P404f9fdfb6,1.45,1.45,2012,4,13.0,0.49,6.37,543.6734693877552,44.08163265306122,36.734693877551024,22.04081632653061,448.16326530612247,0.333,0.688,3.4,788.3265306122449,0.0
P8aa2e06ade,1.45,1.45,2013,2,10.0,23.2,232.0,15.206896551724139,3.8793103448275863,3.258620689655173,1.2413793103448276,0.3103448275862069,0.367,0.343,0.7,22.05,0.0
