pid,intl_age,intl_ast36,intl_ast_pct,intl_best_level,intl_blk36,intl_drb_pct,intl_efg_pct,intl_fg3_pct,intl_fg3ar,intl_ft_pct,intl_ftar,intl_gp,intl_impact,intl_last_level,intl_level,intl_lg_adj_pts36,intl_lg_strength,intl_minutes,intl_mpg,intl_n_seasons,intl_orb_pct,intl_prev_pts36,intl_pts36,intl_reb36,intl_season_gap,intl_src,intl_stl36,intl_tov_pct,intl_ts_pct,intl_two_minutes,intl_two_pts36,intl_usg_pct
P099a8d0c1c,,,,,,,,,,,,,,,,8.4312,0.3,,,,,,,,2,0,,,,,,
P5afd5b991d,,,,,,,,,,,,,,,,3.8286,0.3,,,,,,,,2,0,,,,,,
P2f15d5867f,,,,,,,,,,,,,,,,17.6604,1.0,,,,,,,,0,0,,,,,,
P5ea12f1777,,,,,,,,,,,,,,,,13.6678,1.0,,,,,,,,0,0,,,,,,
Pd11ab06c36,,,,,,,,,,,,,,,,6.5391,0.3,,,,,,,,2,0,,,,,,
P3e3a854ff5,,,,,,,,,,,,,,,,4.111,0.3,,,,,,,,0,0,,,,,,
Pc6a39f466a,,,,,,,,,,,,,,,,11.232,1.0,,,,,,,,0,0,,,,,,
Pd382320a3c,,,,,,,,,,,,,,,,7.6881,0.3,,,,,,,,4,0,,,,,,
Pce1d0d3699,,,,,,,,,,,,,,,,13.7006,0.72,,,,,,,,0,0,,,,,,
P6b0e9b0b2a,,,,,,,,,,,,,,,,12.4108,0.72,,,,,,,,0,0,,,,,,
P11475d8eed,,,,,,,,,,,,,,,,6.0574,1.0,,,,,,,,0,0,,,,,,
Pdacd6ab94d,,,,,,,,,,,,,,,,12.0776,1.0,,,,,,,,0,0,,,,,,
P38dadf836a,,,,,,,,,,,,,,,,8.2567,0.72,,,,,,,,0,0,,,,,,
P0820723beb,,,,,,,,,,,,,,,,13.9752,1.0,,,,,,,,0,0,,,,,,
P927dcf71a8,,,,,,,,,,,,,,,,17.8693,1.0,,,,,,,,0,0,,,,,,
Pf4d757d073,,,,,,,,,,,,,,,,22.7745,1.0,,,,,,,,0,0,,,,,,
P5840594df8,,,,,,,,,,,,,,,,15.9824,1.0,,,,,,,,0,0,,,,,,
P32b8c3a5cb,,,,,,,,,,,,,,,,12.0301,0.72,,,,,,,,0,0,,,,,,
Pef98a54ad0,,,,,,,,,,,,,,,,3.888,0.3,,,,,,,,4,0,,,,,,
P103e95dd1f,,,,,,,,,,,,,,,,12.7397,0.72,,,,,,,,1,0,,,,,,
Pb8998ddf4a,,,,,,,,,,,,,,,,12.6096,0.85,,,,,,,,0,0,,,,,,
P1605b30cec,,,,,,,,,,,,,,,,14.5186,0.85,,,,,,,,1,0,,,,,,
P6d9b6a98b1,,,,,,,,,,,,,,,,19.0065,1.0,,,,,,,,0,0,,,,,,
Pb9c495a67d,,,,,,,,,,,,,,,,8.1209,0.3,,,,,,,,2,0,,,,,,
P3e493925a2,18.95,6.7215,NA,3.0,0.1139,NA,NA,0.342,NA,0.574,NA,12.0,NA,3.0,3.0,11.2785,0.55,379.2,31.6,1.0,NA,NA,20.5063,7.1772,0,1,1.8228,NA,NA,379.2,20.506,NA
P9a02cf437c,,,,,,,,,,,,,,,,4.0255,0.3,,,,,,,,1,0,,,,,,
Pb067831a66,,,,,,,,,,,,,,,,7.1357,0.3,,,,,,,,5,0,,,,,,
Pf634b73f97,,,,,,,,,,,,,,,,3.4714,0.3,,,,,,,,4,0,,,,,,
P5a591d3e24,,,,,,,,,,,,,,,,5.7661,0.3,,,,,,,,4,0,,,,,,
Pc3390f55d0,,,,,,,,,,,,,,,,6.975,0.3,,,,,,,,1,0,,,,,,
Peaf1686cc0,,,,,,,,,,,,,,,,5.0494,0.3,,,,,,,,1,0,,,,,,
P2297a93a7f,,,,,,,,,,,,,,,,6.7559,0.3,,,,,,,,2,0,,,,,,
Pf21d262b1c,,,,,,,,,,,,,,,,NA,0.3,,,,,,,,3,0,,,,,,
Pc381c2ab50,,,,,,,,,,,,,,,,15.8638,0.72,,,,,,,,0,0,,,,,,
P9b79feb6a3,,,,,,,,,,,,,,,,17.7527,0.85,,,,,,,,0,0,,,,,,
Pa779a7b0cf,,,,,,,,,,,,,,,,17.0368,0.8865,,,,,16.029,,,0,0,,,,1489.9,17.603,
Pc5e9e5bdd9,,,,,,,,,,,,,,,,15.8342,0.85,,,,,,,,0,0,,,,,,
P49f423e70e,,,,,,,,,,,,,,,,15.2505,0.72,,,,,,,,0,0,,,,,,
P4074fe9b9e,,,,,,,,,,,,,,,,9.7475,0.72,,,,,,,,0,0,,,,,,
P5849f19551,,,,,,,,,,,,,,,,13.8333,1.0,,,,,11.793,,,0,0,,,,671.9,12.339,
P04e5776a76,,,,,,,,,,,,,,,,4.2974,0.3,,,,,,,,4,0,,,,,,
Pfc32d168da,,,,,,,,,,,,,,,,18.4821,1.0,,,,,19.538,,,0,0,,,,854.2,21.342,
P0029c9d3a9,,,,,,,,,,,,,,,,3.3319,0.3,,,,,,,,4,0,,,,,,
P1ef5f1c321,,,,,,,,,,,,,,,,12.4966,1.0,,,,,,,,0,0,,,,,,
P9f8d851f22,,,,,,,,,,,,,,,,8.7373,1.0,,,,,,,,0,0,,,,,,
P35fcccf6c9,,,,,,,,,,,,,,,,16.464,1.0,,,,,,,,1,0,,,,,,
P7312c1c32d,,,,,,,,,,,,,,,,9.5039,0.72,,,,,,,,0,0,,,,,,
Pf326870436,31.49,7.4949,,4.0,0.0,10.7,47.0,0.3477,0.189,0.8535,0.149,62.0,8.5006,4.0,4.0,12.0363,0.9461,1343.0,21.6613,11.0,1.2,14.102,12.722,3.7313,0,2,1.0133,,50.0,2666.1,13.407,
Pb88771c23a,,,,,,,,,,,,,,,,12.8206,0.72,,,,,,,,0,0,,,,,,
P96a831649e,,,,,,,,,,,,,,,,20.6987,1.0,,,,,,,,0,0,,,,,,
Pcb1e0b77ca,,,,,,,,,,,,,,,,16.1853,0.72,,,,,,,,3,0,,,,,,
P4879fe4868,,,,,,,,,,,,,,,,17.5925,1.0,,,,,NA,,,0,0,,,,1032.3,17.622,
Pe528778159,,,,,,,,,,,,,,,,16.6798,0.85,,,,,,,,1,0,,,,,,
Pef9b8757a6,,,,,,,,,,,,,,,,13.0235,0.8,,,,,16.42,,,0,0,,,,1834.4,16.463,
P7ab7e9a49e,,,,,,,,,,,,,,,,5.3701,0.72,,,,,,,,0,0,,,,,,
P53f786523f,,,,,,,,,,,,,,,,7.3187,1.0,,,,,NA,,,0,0,,,,73.5,7.2,
P620501ed0d,,,,,,,,,,,,,,,,14.7857,1.0,,,,,,,,1,0,,,,,,
P9264b6e63a,,,,,,,,,,,,,,,,7.8429,0.3,,,,,,,,2,0,,,,,,
Pf9ebd1b271,,,,,,,,,,,,,,,,6.5368,0.3,,,,,,,,2,0,,,,,,
P9c2d575f48,20.09,1.5789,NA,3.0,3.2632,NA,NA,0.6,NA,0.758,NA,42.0,NA,3.0,3.0,9.1474,0.55,1436.4,34.2,2.0,NA,17.32,16.6316,10.2105,0,1,1.1579,NA,NA,2338.5,16.897,NA
Pfa4c05beee,,,,,,,,,,,,,,,,6.1902,0.3,,,,,,,,2,0,,,,,,
Pb3a7a6f86b,,,,,,,,,,,,,,,,6.0152,0.3,,,,,,,,2,0,,,,,,
P8a2a3c7c07,,,,,,,,,,,,,,,,NA,0.3,,,,,,,,2,0,,,,,,
Pfd95ad31d4,,,,,,,,,,,,,,,,6.7279,0.3,,,,,,,,4,0,,,,,,
Pe40a7b9665,,,,,,,,,,,,,,,,6.984,0.3,,,,,,,,5,0,,,,,,
Pcb0e772806,,,,,,,,,,,,,,,,11.7503,0.6926,,,,,12.844,,,0,0,,,,1830.6,15.241,
P1a32cd4176,,,,,,,,,,,,,,,,14.1917,0.72,,,,,,,,0,0,,,,,,
Pb920680006,,,,,,,,,,,,,,,,16.0188,0.85,,,,,,,,0,0,,,,,,
P80ec619552,,,,,,,,,,,,,,,,11.5694,0.85,,,,,,,,0,0,,,,,,
P83cf60968a,,,,,,,,,,,,,,,,7.5042,0.7724,,,,,9.164,,,0,0,,,,1454.9,13.045,
P7222e0f90b,20.39,0.9114,NA,3.0,0.4557,NA,NA,0.358,NA,0.717,NA,34.0,NA,3.0,3.0,13.2608,0.9,805.8,23.7,3.0,NA,8.64,14.7342,8.6582,0,1,1.2152,NA,NA,1085.8,13.163,NA
Pd7c989b67a,,,,,,,,,,,,,,,,3.6889,0.3,,,,,,,,1,0,,,,,,
P64adb31e4d,,,,,,,,,,,,,,,,NA,0.72,,,,,,,,0,0,,,,,,
Paca468f5b5,,,,,,,,,,,,,,,,NA,0.7486,,,,,13.545,,,0,0,,,,405.1,17.809,
Pcf60b82b9d,,,,,,,,,,,,,,,,13.8427,1.0,,,,,9.354,,,0,0,,,,190.1,11.912,
P049f342950,,,,,,,,,,,,,,,,18.8463,1.0,,,,,16.514,,,0,0,,,,1013.1,18.336,
P982f4d9f47,,,,,,,,,,,,,,,,7.1951,0.85,,,,,,,,0,0,,,,,,
P94ee422c65,,,,,,,,,,,,,,,,11.3068,0.72,,,,,,,,0,0,,,,,,
Pfafab37502,,,,,,,,,,,,,,,,11.4557,0.85,,,,,,,,1,0,,,,,,
P8e9f5cd10b,,,,,,,,,,,,,,,,7.2269,0.85,,,,,,,,0,0,,,,,,
P6f658be6bb,,,,,,,,,,,,,,,,5.13,0.3,,,,,,,,3,0,,,,,,
Pe1b87bba68,,,,,,,,,,,,,,,,18.1635,0.85,,,,,,,,0,0,,,,,,
Pe0da967ad1,,,,,,,,,,,,,,,,5.1285,0.3,,,,,,,,5,0,,,,,,
P2bc89b6490,,,,,,,,,,,,,,,,13.8732,0.8102,,,,,15.578,,,0,0,,,,2318.2,16.091,
P7e57b76eb8,,,,,,,,,,,,,,,,17.8673,0.85,,,,,,,,0,0,,,,,,
Pa67da64cf8,,,,,,,,,,,,,,,,10.7959,0.85,,,,,,,,0,0,,,,,,
P4370ef2bf5,,,,,,,,,,,,,,,,12.0133,0.85,,,,,,,,0,0,,,,,,
P9ac225720c,,,,,,,,,,,,,,,,16.3227,0.85,,,,,,,,0,0,,,,,,
Pe75e4da903,,,,,,,,,,,,,,,,8.8961,0.85,,,,,,,,0,0,,,,,,
Pb571c7aa88,,,,,,,,,,,,,,,,14.9091,0.85,,,,,,,,0,0,,,,,,
Pb2b564e4f2,23.8,3.8919,NA,3.0,0.2162,NA,NA,0.399,NA,0.86,NA,38.0,NA,3.0,3.0,13.1676,0.7,1265.4,33.3,2.0,NA,19.141,18.8108,5.2973,0,1,1.8378,NA,NA,2657.0,18.984,NA
P55c2defaf8,,,,,,,,,,,,,,,,13.1973,0.72,,,,,,,,0,0,,,,,,
P25e61f80f8,,,,,,,,,,,,,,,,6.8367,0.3,,,,,,,,1,0,,,,,,
P8a2034c01d,,,,,,,,,,,,,,,,6.7154,0.3,,,,,,,,2,0,,,,,,
P46cfb45fde,,,,,,,,,,,,,,,,10.7172,0.75,,,,,5.756,,,0,0,,,,1125.3,9.066,
Pf62abcdcde,,,,,,,,,,,,,,,,10.1032,0.3,,,,,,,,1,0,,,,,,
P71b16faf7a,,,,,,,,,,,,,,,,9.0878,0.3,,,,,,,,3,0,,,,,,
P3e0fd9667f,,,,,,,,,,,,,,,,7.1034,0.3,,,,,,,,2,0,,,,,,
P0af0ac79ae,,,,,,,,,,,,,,,,4.8101,0.3,,,,,,,,1,0,,,,,,
P54d4de841c,,,,,,,,,,,,,,,,7.7428,0.72,,,,,NA,,,0,0,,,,456.0,10.895,
P2ad4235514,,,,,,,,,,,,,,,,8.8035,0.65,,,,,17.4,,,0,0,,,,689.8,15.589,
P16938f3fa9,,,,,,,,,,,,,,,,1.5955,0.3,,,,,,,,2,0,,,,,,
Pe5fb05fea3,,,,,,,,,,,,,,,,12.8658,0.72,,,,,,,,0,0,,,,,,
Pf781dda14b,,,,,,,,,,,,,,,,5.22,0.3,,,,,,,,3,0,,,,,,
P63f00af37c,,,,,,,,,,,,,,,,3.8667,0.3,,,,,,,,3,0,,,,,,
P204a101867,,,,,,,,,,,,,,,,4.7876,0.3,,,,,,,,2,0,,,,,,
P964dd1e5f4,,,,,,,,,,,,,,,,12.0436,0.72,,,,,,,,0,0,,,,,,
Pc32fe4a167,,,,,,,,,,,,,,,,8.2459,0.3,,,,,,,,2,0,,,,,,
P1804943702,,,,,,,,,,,,,,,,6.7348,0.3,,,,,,,,2,0,,,,,,
P74d19df6a2,,,,,,,,,,,,,,,,6.9231,0.3,,,,,,,,4,0,,,,,,
Pa4877bedac,,,,,,,,,,,,,,,,13.9424,0.9456,,,,,11.521,,,0,0,,,,1973.4,14.116,
P3e5c820c70,,,,,,,,,,,,,,,,8.4474,0.72,,,,,,,,0,0,,,,,,
Pba3a4faeb9,,,,,,,,,,,,,,,,3.7588,0.3,,,,,,,,4,0,,,,,,
Pd13759b893,,,,,,,,,,,,,,,,NA,0.867,,,,,17.47,,,0,0,,,,2535.6,18.794,
Pd9320fa884,,,,,,,,,,,,,,,,19.4656,0.9277,,,,,21.083,,,0,0,,,,2823.4,20.698,
Pf0bc046ece,,,,,,,,,,,,,,,,4.6406,0.3,,,,,,,,4,0,,,,,,
Pf5a8190f4f,,,,,,,,,,,,,,,,12.6991,0.85,,,,,,,,0,0,,,,,,
Pf3d3c05896,,,,,,,,,,,,,,,,4.299,0.3,,,,,,,,4,0,,,,,,
Pf3241f5074,,,,,,,,,,,,,,,,13.2571,0.85,,,,,,,,0,0,,,,,,
P9bb134b52c,,,,,,,,,,,,,,,,13.4263,0.85,,,,,,,,0,0,,,,,,
Pcdc707f847,,,,,,,,,,,,,,,,5.1781,0.3,,,,,,,,5,0,,,,,,
Pa84706eb34,,,,,,,,,,,,,,,,9.8347,0.85,,,,,,,,1,0,,,,,,
Pcabff956fe,,,,,,,,,,,,,,,,4.5542,0.3,,,,,,,,2,0,,,,,,
P9f769e6678,,,,,,,,,,,,,,,,5.7211,0.3,,,,,,,,3,0,,,,,,
P6f990ff013,,,,,,,,,,,,,,,,7.1664,0.3,,,,,,,,2,0,,,,,,
P8ecb19c544,,,,,,,,,,,,,,,,6.463,0.3,,,,,,,,1,0,,,,,,
P50c2524b85,,,,,,,,,,,,,,,,3.6626,0.3,,,,,,,,2,0,,,,,,
P26d2a90c5b,,,,,,,,,,,,,,,,2.9455,0.3,,,,,,,,1,0,,,,,,
Pae17b87a4a,,,,,,,,,,,,,,,,3.2651,0.3,,,,,,,,2,0,,,,,,
P82bbff96e6,,,,,,,,,,,,,,,,3.6766,0.3,,,,,,,,1,0,,,,,,
P4467431c36,,,,,,,,,,,,,,,,9.7487,0.3,,,,,,,,2,0,,,,,,
P9106a597f3,,,,,,,,,,,,,,,,5.8255,0.3,,,,,,,,2,0,,,,,,
Pa5c483aef9,,,,,,,,,,,,,,,,5.5059,0.3,,,,,,,,3,0,,,,,,
P3e065b4b4e,,,,,,,,,,,,,,,,4.3736,0.3,,,,,,,,3,0,,,,,,
P5da3d9ffcd,,,,,,,,,,,,,,,,28.6479,1.0,,,,,,,,1,0,,,,,,
Pd4282e2cb6,,,,,,,,,,,,,,,,3.4105,0.3,,,,,,,,2,0,,,,,,
Pcaa6f4e965,,,,,,,,,,,,,,,,18.2277,0.9487,,,,,13.852,,,0,0,,,,3281.9,17.315,
P61add2364f,,,,,,,,,,,,,,,,11.0316,0.567,,,,,18.724,,,0,0,,,,2347.1,19.14,
Pf5ec6d144b,20.32,6.3849,NA,3.0,0.2717,NA,NA,0.418,NA,0.835,NA,36.0,NA,3.0,3.0,14.0604,0.75,954.0,26.5,4.0,NA,12.358,18.7472,3.6679,0,1,1.2226,NA,NA,1222.0,17.346,NA
P379ec45447,,,,,,,,,,,,,,,,NA,1.0,,,,,,,,0,0,,,,,,
Pefc5241948,,,,,,,,,,,,,,,,7.2964,0.72,,,,,5.115,,,0,0,,,,850.7,9.268,
P5ff9cbca0f,,,,,,,,,,,,,,,,8.2629,0.72,,,,,,,,0,0,,,,,,
Pb5f59c2405,,,,,,,,,,,,,,,,3.3639,0.3,,,,,,,,3,0,,,,,,
Pdda77ad869,,,,,,,,,,,,,,,,4.8774,0.3,,,,,,,,5,0,,,,,,
Pefe5f00afd,,,,,,,,,,,,,,,,16.6616,1.0,,,,,,,,0,0,,,,,,
P4098a4e5cd,,,,,,,,,,,,,,,,14.7203,0.72,,,,,,,,0,0,,,,,,
P9ce3123e64,,,,,,,,,,,,,,,,10.9826,0.72,,,,,,,,0,0,,,,,,
P7f30d796bb,,,,,,,,,,,,,,,,14.0,1.0,,,,,14.311,,,0,0,,,,1030.4,14.101,
Pc86b9a08db,,,,,,,,,,,,,,,,5.7841,0.85,,,,,,,,1,0,,,,,,
Pff1fab2e32,,,,,,,,,,,,,,,,19.0339,1.0,,,,,,,,0,0,,,,,,
P4634e39421,,,,,,,,,,,,,,,,6.8727,0.3,,,,,,,,1,0,,,,,,
P40fd812f54,,,,,,,,,,,,,,,,10.3565,0.72,,,,,,,,0,0,,,,,,
P8b41334856,,,,,,,,,,,,,,,,5.9031,0.3,,,,,,,,1,0,,,,,,
P924fa678bb,,,,,,,,,,,,,,,,2.1732,0.3,,,,,,,,1,0,,,,,,
P20a1183fcf,,,,,,,,,,,,,,,,9.1571,1.0,,,,,,,,0,0,,,,,,
Pdb7c6b10a9,,,,,,,,,,,,,,,,4.1781,0.3,,,,,,,,3,0,,,,,,
Pce8689cb8f,,,,,,,,,,,,,,,,7.5661,0.3,,,,,,,,3,0,,,,,,
Pa760c9001c,,,,,,,,,,,,,,,,19.0556,1.0,,,,,,,,0,0,,,,,,
P4bb660105c,,,,,,,,,,,,,,,,3.7831,0.3,,,,,,,,3,0,,,,,,
Pc858ff68e6,,,,,,,,,,,,,,,,13.8964,1.0,,,,,,,,0,0,,,,,,
Pf037b649bc,,,,,,,,,,,,,,,,7.4535,0.3,,,,,,,,1,0,,,,,,
P40d4a587d5,,,,,,,,,,,,,,,,14.0763,1.0,,,,,,,,0,0,,,,,,
P29710a392c,,,,,,,,,,,,,,,,NA,1.0,,,,,NA,,,0,0,,,,44.7,12.805,
P3bad279cb0,,,,,,,,,,,,,,,,18.7563,1.0,,,,,,,,0,0,,,,,,
P49a2cdbcb5,,,,,,,,,,,,,,,,13.251,0.72,,,,,,,,0,0,,,,,,
Pa0908fe6ff,,,,,,,,,,,,,,,,17.9222,1.0,,,,,,,,0,0,,,,,,
Pd5893ad4c2,,,,,,,,,,,,,,,,9.0805,0.85,,,,,,,,0,0,,,,,,
Pc90f94ed67,,,,,,,,,,,,,,,,13.3289,0.85,,,,,,,,0,0,,,,,,
P71e6d4319f,,,,,,,,,,,,,,,,14.7834,0.85,,,,,,,,0,0,,,,,,
P0f2f594f0f,,,,,,,,,,,,,,,,13.255,0.72,,,,,,,,0,0,,,,,,
Pc544b8efa0,,,,,,,,,,,,,,,,18.3652,1.0,,,,,,,,0,0,,,,,,
P42adf8ab25,,,,,,,,,,,,,,,,22.0859,1.0,,,,,,,,0,0,,,,,,
P6950e00d3b,,,,,,,,,,,,,,,,17.2368,1.0,,,,,,,,0,0,,,,,,
P8e68185705,,,,,,,,,,,,,,,,3.7626,0.3,,,,,,,,2,0,,,,,,
P93e1b535ab,,,,,,,,,,,,,,,,17.1596,1.0,,,,,,,,0,0,,,,,,
P220e9380db,,,,,,,,,,,,,,,,18.3315,1.0,,,,,,,,0,0,,,,,,
P801bf131e6,,,,,,,,,,,,,,,,9.5216,0.72,,,,,,,,0,0,,,,,,
Pc9bef9c2e0,,,,,,,,,,,,,,,,6.1265,0.72,,,,,,,,0,0,,,,,,
Pa2b1e0c1b9,,,,,,,,,,,,,,,,22.0484,0.85,,,,,,,,0,0,,,,,,
P10d6b2ba68,,,,,,,,,,,,,,,,12.1318,0.85,,,,,13.162,,,0,0,,,,2002.7,13.379,
P16bad3a52e,,,,,,,,,,,,,,,,12.5456,0.85,,,,,,,,0,0,,,,,,
P4f54eef176,,,,,,,,,,,,,,,,11.052,0.85,,,,,,,,0,0,,,,,,
Pb047bb4747,,,,,,,,,,,,,,,,16.0008,0.85,,,,,,,,0,0,,,,,,
P722aa856f7,,,,,,,,,,,,,,,,8.0649,0.3,,,,,,,,1,0,,,,,,
Peda84f3898,,,,,,,,,,,,,,,,18.6043,1.0,,,,,,,,0,0,,,,,,
P3d1eff1bca,,,,,,,,,,,,,,,,12.8984,1.0,,,,,,,,1,0,,,,,,
P0157d20b94,,,,,,,,,,,,,,,,5.5371,0.3,,,,,,,,2,0,,,,,,
Pda7ff44e77,,,,,,,,,,,,,,,,11.5631,1.0,,,,,,,,0,0,,,,,,
Pab534e249b,,,,,,,,,,,,,,,,5.4,0.3,,,,,,,,1,0,,,,,,
Pe67238da8c,,,,,,,,,,,,,,,,22.4211,1.0,,,,,,,,0,0,,,,,,
P7c1c1e7eac,,,,,,,,,,,,,,,,6.7325,0.3,,,,,,,,1,0,,,,,,
P246009ab63,,,,,,,,,,,,,,,,13.86,1.0,,,,,,,,0,0,,,,,,
P6dfb5df5c6,,,,,,,,,,,,,,,,14.1483,0.72,,,,,,,,0,0,,,,,,
P4b06d66b80,,,,,,,,,,,,,,,,15.3631,1.0,,,,,,,,0,0,,,,,,
P94bbcbe8b9,,,,,,,,,,,,,,,,13.2727,1.0,,,,,,,,0,0,,,,,,
P2528efc939,,,,,,,,,,,,,,,,11.4852,0.72,,,,,,,,0,0,,,,,,
Pb7bd8922eb,,,,,,,,,,,,,,,,NA,0.3,,,,,,,,5,0,,,,,,
P9378e87d91,,,,,,,,,,,,,,,,16.991,0.85,,,,,,,,1,0,,,,,,
Pa5aab1aab8,,,,,,,,,,,,,,,,13.3454,0.85,,,,,,,,0,0,,,,,,
P6aab967db9,,,,,,,,,,,,,,,,18.0057,0.85,,,,,,,,1,0,,,,,,
P13adb32b1d,,,,,,,,,,,,,,,,12.6767,0.72,,,,,,,,0,0,,,,,,
Pf31133cc3c,,,,,,,,,,,,,,,,17.5704,0.85,,,,,,,,0,0,,,,,,
P6e6a2db0d6,,,,,,,,,,,,,,,,10.0299,0.72,,,,,,,,0,0,,,,,,
P39e62f008f,,,,,,,,,,,,,,,,10.1647,0.72,,,,,,,,0,0,,,,,,
P22c8154970,,,,,,,,,,,,,,,,6.5142,1.0,,,,,,,,0,0,,,,,,
P1738f63a26,,,,,,,,,,,,,,,,4.2606,0.3,,,,,,,,2,0,,,,,,
P7b8c6b66e0,,,,,,,,,,,,,,,,5.7019,0.3,,,,,,,,2,0,,,,,,
P52f9046b71,,,,,,,,,,,,,,,,13.8933,1.0,,,,,,,,0,0,,,,,,
P7d7c4d5568,,,,,,,,,,,,,,,,18.0054,1.0,,,,,,,,0,0,,,,,,
P2805efe438,,,,,,,,,,,,,,,,NA,1.0,,,,,,,,0,0,,,,,,
P2d06a24aee,,,,,,,,,,,,,,,,9.4646,0.72,,,,,,,,0,0,,,,,,
P977d8b209e,,,,,,,,,,,,,,,,5.832,0.3,,,,,,,,3,0,,,,,,
P8514f39741,,,,,,,,,,,,,,,,9.3188,0.72,,,,,,,,0,0,,,,,,
P917b0d4d70,,,,,,,,,,,,,,,,5.0952,0.3,,,,,,,,2,0,,,,,,
Pb58f931dd3,,,,,,,,,,,,,,,,5.5662,0.3,,,,,,,,1,0,,,,,,
Pfd96fb33e5,,,,,,,,,,,,,,,,7.1171,0.3,,,,,,,,2,0,,,,,,
P1015da4297,,,,,,,,,,,,,,,,5.36,0.3,,,,,,,,2,0,,,,,,
Pdb8fb82c3b,NA,0.931,NA,3.0,2.4828,NA,NA,0.0,NA,0.582,NA,38.0,NA,3.0,3.0,12.0336,0.55,881.6,23.2,1.0,NA,NA,21.8793,14.431,0,1,0.931,NA,NA,881.6,21.879,NA
Pba6ba7bcf4,,,,,,,,,,,,,,,,13.2864,0.85,,,,,,,,0,0,,,,,,
P74a501a7bb,,,,,,,,,,,,,,,,10.08,1.0,,,,,NA,,,0,0,,,,197.6,15.395,
P50969329ac,,,,,,,,,,,,,,,,10.4439,0.85,,,,,,,,1,0,,,,,,
P1a8bbe3efe,,,,,,,,,,,,,,,,10.6825,0.72,,,,,,,,1,0,,,,,,
P55c8e33d89,,,,,,,,,,,,,,,,10.7608,0.72,,,,,,,,0,0,,,,,,
Pad180fa2f7,,,,,,,,,,,,,,,,15.7877,1.0,,,,,,,,0,0,,,,,,
P981540aa5d,,,,,,,,,,,,,,,,12.5702,0.85,,,,,,,,1,0,,,,,,
P440f6cc00f,,,,,,,,,,,,,,,,8.7583,0.7702,,,,,11.613,,,0,0,,,,789.9,13.169,
Pabb4255b19,,,,,,,,,,,,,,,,11.1135,0.7455,,,,,15.0,,,0,0,,,,1404.9,15.236,
Pe97fa79993,,,,,,,,,,,,,,,,10.2948,0.72,,,,,,,,0,0,,,,,,
P7a82e40751,,,,,,,,,,,,,,,,4.9282,0.3,,,,,,,,5,0,,,,,,
P3d55371834,,,,,,,,,,,,,,,,4.32,0.3,,,,,,,,3,0,,,,,,
P989e9714fc,21.87,3.2958,NA,3.0,0.2535,NA,NA,0.41,NA,0.71,NA,30.0,NA,3.0,3.0,5.9324,0.45,426.0,14.2,3.0,NA,0.0,13.1831,4.3099,0,1,1.5211,NA,NA,428.0,13.121,NA
P07a1fb349e,,,,,,,,,,,,,,,,11.8587,0.85,,,,,,,,0,0,,,,,,
P76dbb66d26,,,,,,,,,,,,,,,,15.8581,1.0,,,,,,,,0,0,,,,,,
Pb486223088,,,,,,,,,,,,,,,,21.9198,1.0,,,,,,,,0,0,,,,,,
P05848850fc,,,,,,,,,,,,,,,,17.5676,0.85,,,,,,,,0,0,,,,,,
P25609e2dfe,,,,,,,,,,,,,,,,NA,0.85,,,,,,,,0,0,,,,,,
Pcdba4ddbae,,,,,,,,,,,,,,,,12.3762,0.72,,,,,,,,0,0,,,,,,
P06e60a886f,,,,,,,,,,,,,,,,NA,0.72,,,,,,,,0,0,,,,,,
Pc42b84faf5,,,,,,,,,,,,,,,,16.624,0.85,,,,,,,,0,0,,,,,,
P8a6c25e945,,,,,,,,,,,,,,,,12.966,0.85,,,,,,,,0,0,,,,,,
Pf755f2c0c0,,,,,,,,,,,,,,,,16.3305,0.85,,,,,,,,0,0,,,,,,
P0074b51801,,,,,,,,,,,,,,,,11.1629,0.85,,,,,,,,0,0,,,,,,
Pd44ef7a78e,,,,,,,,,,,,,,,,13.8027,0.72,,,,,,,,1,0,,,,,,
Pc6eddeb128,,,,,,,,,,,,,,,,NA,0.85,,,,,,,,0,0,,,,,,
P5969d3ea2a,,,,,,,,,,,,,,,,8.0,1.0,,,,,NA,,,2,0,,,,31.2,9.231,
Pc8dae45369,,,,,,,,,,,,,,,,4.6575,0.3,,,,,,,,2,0,,,,,,
Pb5da2dd439,,,,,,,,,,,,,,,,19.6817,1.0,,,,,NA,,,0,0,,,,231.0,18.0,
P4ec69893f6,,,,,,,,,,,,,,,,11.7775,0.7364,,,,,14.397,,,0,0,,,,2839.9,15.297,
P148aecdd52,,,,,,,,,,,,,,,,9.7451,0.72,,,,,,,,0,0,,,,,,
P2e890c30d2,,,,,,,,,,,,,,,,5.1686,0.3,,,,,,,,3,0,,,,,,
Pb0e43997bd,,,,,,,,,,,,,,,,4.3448,0.3,,,,,,,,2,0,,,,,,
Pbbfb6a2c4a,,,,,,,,,,,,,,,,5.3783,0.3,,,,,,,,2,0,,,,,,
Pce366ff1b3,,,,,,,,,,,,,,,,14.6622,0.8021,,,,,15.653,,,0,0,,,,2251.3,16.381,
Pa98bcc077b,,,,,,,,,,,,,,,,4.1362,0.3,,,,,,,,5,0,,,,,,
P31bc34ca23,,,,,,,,,,,,,,,,15.7946,0.9342,,,,,14.257,,,0,0,,,,1503.7,15.717,
P4d8e3ba87c,,,,,,,,,,,,,,,,4.7739,0.3,,,,,,,,2,0,,,,,,
P69e13b90fc,,,,,,,,,,,,,,,,5.5256,0.3,,,,,,,,5,0,,,,,,
P43d78a0411,,,,,,,,,,,,,,,,3.387,0.3,,,,,,,,2,0,,,,,,
P2606a3d161,,,,,,,,,,,,,,,,12.1239,0.72,,,,,,,,0,0,,,,,,
P8ec07e793f,,,,,,,,,,,,,,,,17.2868,0.85,,,,,,,,1,0,,,,,,
P89d1117940,,,,,,,,,,,,,,,,15.5568,1.0,,,,,,,,0,0,,,,,,
Pd125ec3ee3,,,,,,,,,,,,,,,,18.507,1.0,,,,,17.946,,,0,0,,,,2078.6,16.879,
P542c8bbfa1,,,,,,,,,,,,,,,,15.529,0.9,,,,,16.109,,,0,0,,,,1635.9,16.811,
P1edb3aa5e4,,,,,,,,,,,,,,,,20.622,0.85,,,,,,,,0,0,,,,,,
P272afc1b90,,,,,,,,,,,,,,,,8.1692,0.3,,,,,,,,2,0,,,,,,
Pa260a40e68,,,,,,,,,,,,,,,,7.5445,0.3,,,,,,,,2,0,,,,,,
P4e4e438f6e,,,,,,,,,,,,,,,,7.3059,0.3,,,,,,,,2,0,,,,,,
P3f927eeca6,,,,,,,,,,,,,,,,4.5551,0.3,,,,,,,,1,0,,,,,,
P4d2e34ba12,,,,,,,,,,,,,,,,6.3325,0.3,,,,,,,,1,0,,,,,,
P8d6fb61ea0,,,,,,,,,,,,,,,,3.541,0.3,,,,,,,,3,0,,,,,,
P838aeb9cb6,,,,,,,,,,,,,,,,3.8769,0.3,,,,,,,,2,0,,,,,,
Pb172e7dcfc,,,,,,,,,,,,,,,,7.1845,0.3,,,,,,,,4,0,,,,,,
Pc0b16a51f2,20.3,3.9347,NA,3.0,0.1809,NA,NA,0.2825,NA,0.7256,NA,48.0,NA,3.0,3.0,9.8172,0.8824,955.2,19.9,5.0,NA,11.638,11.1256,4.5678,0,1,1.0402,NA,NA,2043.4,11.399,NA
Pd9273beb4e,,,,,,,,,,,,,,,,5.4,0.3,,,,,,,,3,0,,,,,,
Pc8a80657b3,,,,,,,,,,,,,,,,3.7385,0.3,,,,,,,,3,0,,,,,,
Pbf890a872a,,,,,,,,,,,,,,,,5.4667,0.3,,,,,,,,5,0,,,,,,
P0dca4f55c4,,,,,,,,,,,,,,,,14.0192,1.0,,,,,NA,,,0,0,,,,252.0,14.143,
P8e2f7481af,,,,,,,,,,,,,,,,8.6068,0.5918,,,,,13.765,,,0,0,,,,1263.0,15.332,
P711641b36d,,,,,,,,,,,,,,,,3.1974,0.3,,,,,,,,5,0,,,,,,
Pf3fb310df6,,,,,,,,,,,,,,,,NA,0.72,,,,,,,,0,0,,,,,,
P310fe8e32c,,,,,,,,,,,,,,,,12.2643,0.85,,,,,,,,0,0,,,,,,
P289650de8a,,,,,,,,,,,,,,,,9.617,0.72,,,,,,,,0,0,,,,,,
P909613bae5,,,,,,,,,,,,,,,,18.907,1.0,,,,,16.258,,,0,0,,,,1026.0,18.421,
P0c0603520c,,,,,,,,,,,,,,,,8.662,1.0,,,,,7.624,,,0,0,,,,745.0,8.224,
P10bdb64d5d,,,,,,,,,,,,,,,,17.5906,1.0,,,,,12.878,,,0,0,,,,539.7,16.903,
Pbe0e1f0064,,,,,,,,,,,,,,,,4.1013,0.3,,,,,,,,4,0,,,,,,
Pae1e3e2903,,,,,,,,,,,,,,,,16.5743,1.0,,,,,,,,0,0,,,,,,
P9926013d5a,,,,,,,,,,,,,,,,10.3982,0.72,,,,,,,,0,0,,,,,,
P58c3f134a2,,,,,,,,,,,,,,,,18.9608,0.85,,,,,,,,1,0,,,,,,
P65d56567c7,,,,,,,,,,,,,,,,14.9024,0.85,,,,,,,,0,0,,,,,,
Pfa75ae8d76,,,,,,,,,,,,,,,,NA,1.0,,,,,,,,0,0,,,,,,
Pf37ef86b30,,,,,,,,,,,,,,,,10.8284,0.72,,,,,,,,0,0,,,,,,
Pd6736ed788,,,,,,,,,,,,,,,,16.024,0.85,,,,,,,,1,0,,,,,,
P01a00a5983,,,,,,,,,,,,,,,,10.2242,0.85,,,,,,,,0,0,,,,,,
P26312e5087,,,,,,,,,,,,,,,,10.8661,0.85,,,,,,,,0,0,,,,,,
Pf0384da7bc,,,,,,,,,,,,,,,,13.289,1.0,,,,,,,,0,0,,,,,,
P488064c36d,,,,,,,,,,,,,,,,16.8039,0.85,,,,,,,,0,0,,,,,,
P8ea6b00194,,,,,,,,,,,,,,,,15.4389,1.0,,,,,,,,1,0,,,,,,
P00193b3ed9,,,,,,,,,,,,,,,,8.1,0.3,,,,,,,,3,0,,,,,,
P1223e5ee2c,,,,,,,,,,,,,,,,21.0691,1.0,,,,,NA,,,0,0,,,,395.6,18.0,
P9dbf445dc5,,,,,,,,,,,,,,,,12.3083,0.72,,,,,,,,0,0,,,,,,
P1100d011d0,,,,,,,,,,,,,,,,4.4889,0.3,,,,,,,,4,0,,,,,,
P31b4a243f7,,,,,,,,,,,,,,,,4.4262,0.3,,,,,,,,5,0,,,,,,
Pb18185e9fe,,,,,,,,,,,,,,,,NA,0.75,,,,,11.179,,,0,0,,,,1013.2,12.475,
P84dee8d837,,,,,,,,,,,,,,,,1.35,0.3,,,,,,,,4,0,,,,,,
Pf825457ab4,,,,,,,,,,,,,,,,5.044,0.3,,,,,,,,2,0,,,,,,
Pd6905b8ed2,,,,,,,,,,,,,,,,3.4225,0.3,,,,,,,,2,0,,,,,,
Pf22b67943e,,,,,,,,,,,,,,,,4.0926,0.3,,,,,,,,3,0,,,,,,
P2ad610b277,18.2,2.24,NA,3.0,1.6,NA,NA,0.313,NA,0.72,NA,26.0,NA,3.0,3.0,6.84,0.45,585.0,22.5,1.0,NA,NA,15.2,8.0,0,1,1.12,NA,NA,585.0,15.2,NA
P824176de50,,,,,,,,,,,,,,,,12.9643,0.72,,,,,,,,0,0,,,,,,
P9702e35c0a,,,,,,,,,,,,,,,,4.3088,0.3,,,,,,,,2,0,,,,,,
P56b91ee390,,,,,,,,,,,,,,,,15.3408,0.9327,,,,,14.004,,,0,0,,,,1326.3,13.604,
P1497c83aba,,,,,,,,,,,,,,,,4.6777,0.3,,,,,,,,3,0,,,,,,
P15f2c20d7d,,,,,,,,,,,,,,,,3.9025,0.3,,,,,,,,5,0,,,,,,
Pa0a2c9503f,,,,,,,,,,,,,,,,NA,0.6525,,,,,15.081,,,0,0,,,,1459.3,14.772,
P05c9e8e43e,,,,,,,,,,,,,,,,12.7328,1.0,,,,,,,,1,0,,,,,,
P7d52184fb7,NA,1.0286,,4.0,0.5878,16.2,52.4,0.367,0.364,1.0,0.076,13.0,7.5014,4.0,4.0,13.3714,1.0,318.5,24.5,5.0,5.0,19.817,13.3714,6.3184,2,2,1.6163,,54.4,340.3,13.784,
P15c3bdbcba,,,,,,,,,,,,,,,,16.5517,0.9,,,,,17.03,,,0,0,,,,984.7,17.929,
Pe364fefd34,,,,,,,,,,,,,,,,11.9676,1.0,,,,,13.861,,,0,0,,,,972.5,12.749,
Paf55ace901,,,,,,,,,,,,,,,,18.7098,1.0,,,,,,,,0,0,,,,,,
P38145d33eb,,,,,,,,,,,,,,,,6.048,0.3,,,,,,,,4,0,,,,,,
P8d3cc27d9f,,,,,,,,,,,,,,,,5.1459,0.3,,,,,,,,4,0,,,,,,
P1108cb2921,,,,,,,,,,,,,,,,18.7201,1.0,,,,,,,,0,0,,,,,,
Pf0c15e8037,,,,,,,,,,,,,,,,14.6339,1.0,,,,,,,,0,0,,,,,,
P17aee771c1,,,,,,,,,,,,,,,,9.8245,0.85,,,,,,,,0,0,,,,,,
Pe666c9e1f4,,,,,,,,,,,,,,,,12.8996,0.85,,,,,,,,1,0,,,,,,
P8bea6ece5d,,,,,,,,,,,,,,,,12.3107,0.85,,,,,,,,2,0,,,,,,
Pca83b848d1,,,,,,,,,,,,,,,,13.7337,0.85,,,,,,,,0,0,,,,,,
P25150e1302,21.59,2.6048,NA,2.0,1.5973,NA,NA,0.309,NA,0.663,NA,50.0,NA,2.0,2.0,12.5533,0.85,1465.0,29.3,1.0,NA,NA,14.7686,5.2341,0,1,1.4253,NA,NA,1465.0,14.769,NA
Paec8fae19e,,,,,,,,,,,,,,,,13.1123,0.85,,,,,,,,0,0,,,,,,
P5a43e18763,,,,,,,,,,,,,,,,13.7187,0.85,,,,,,,,0,0,,,,,,
P122cdb8b56,,,,,,,,,,,,,,,,11.3226,0.72,,,,,,,,0,0,,,,,,
Pfe357344e4,,,,,,,,,,,,,,,,20.6337,0.85,,,,,,,,0,0,,,,,,
P9c40b5aa37,,,,,,,,,,,,,,,,11.704,0.85,,,,,,,,0,0,,,,,,
Pea7725adea,,,,,,,,,,,,,,,,3.8215,0.3,,,,,,,,2,0,,,,,,
P7f1d080745,,,,,,,,,,,,,,,,3.4941,0.3,,,,,,,,1,0,,,,,,
Pd3b81c81b9,,,,,,,,,,,,,,,,14.4534,1.0,,,,,,,,0,0,,,,,,
Pd8244d9a42,,,,,,,,,,,,,,,,3.3231,0.3,,,,,,,,2,0,,,,,,
P11fb43c4ea,,,,,,,,,,,,,,,,7.1788,0.3,,,,,,,,1,0,,,,,,
P1044a073cf,,,,,,,,,,,,,,,,6.5872,0.3,,,,,,,,1,0,,,,,,
P1dca1ecf2b,,,,,,,,,,,,,,,,7.8245,0.3,,,,,,,,2,0,,,,,,
Pd6e0b051bb,,,,,,,,,,,,,,,,3.4714,0.3,,,,,,,,4,0,,,,,,
Pa380a0ce3c,,,,,,,,,,,,,,,,7.2837,0.3,,,,,,,,4,0,,,,,,
P31e153a014,,,,,,,,,,,,,,,,6.1579,0.3,,,,,,,,1,0,,,,,,
P26e74779f0,,,,,,,,,,,,,,,,13.2122,0.85,,,,,,,,0,0,,,,,,
Pdb1689c286,,,,,,,,,,,,,,,,5.2615,0.3,,,,,,,,2,0,,,,,,
P23f1ba707f,,,,,,,,,,,,,,,,8.2976,0.3,,,,,,,,2,0,,,,,,
Pc9a1f10582,,,,,,,,,,,,,,,,6.6586,0.3,,,,,,,,1,0,,,,,,
P8df71877a2,,,,,,,,,,,,,,,,14.0074,0.85,,,,,,,,1,0,,,,,,
P3997afa4f2,,,,,,,,,,,,,,,,18.2541,1.0,,,,,,,,0,0,,,,,,
P360c31499c,,,,,,,,,,,,,,,,20.3791,1.0,,,,,,,,0,0,,,,,,
P44154d877a,,,,,,,,,,,,,,,,17.3505,1.0,,,,,10.227,,,0,0,,,,827.8,16.108,
Paf95fb158c,,,,,,,,,,,,,,,,16.3286,0.6436,,,,,20.976,,,0,0,,,,1080.6,23.81,
Pbed27928bf,,,,,,,,,,,,,,,,9.3788,0.6746,,,,,15.171,,,0,0,,,,2134.3,14.818,
Pf78412d8c5,,,,,,,,,,,,,,,,4.8101,0.3,,,,,,,,1,0,,,,,,
Pe73b4eac92,18.41,0.5455,NA,3.0,2.1818,NA,NA,0.304,NA,0.733,NA,17.0,NA,3.0,3.0,5.8909,0.45,224.4,13.2,1.0,NA,NA,13.0909,8.4545,0,1,1.0909,NA,NA,224.4,13.091,NA
P962232fdc6,,,,,,,,,,,,,,,,11.8434,0.72,,,,,NA,,,0,0,,,,650.0,16.416,
Pf1eb0b11c1,,,,,,,,,,,,,,,,16.0029,0.9,,,,,16.188,,,0,0,,,,1214.6,17.137,
Pbac4f67696,21.91,0.5217,NA,3.0,2.6087,NA,NA,0.0,NA,0.722,NA,35.0,NA,3.0,3.0,9.3913,0.9,724.5,20.7,3.0,NA,9.643,10.4348,11.8261,0,1,0.8696,NA,NA,791.7,10.368,NA
Pb59dd639f9,,,,,,,,,,,,,,,,15.7706,1.0,,,,,,,,0,0,,,,,,
Pceb2ff7429,,,,,,,,,,,,,,,,14.2731,0.72,,,,,,,,0,0,,,,,,
Pbbdf67d0e0,,,,,,,,,,,,,,,,5.4,0.3,,,,,,,,5,0,,,,,,
P0acc99bae4,,,,,,,,,,,,,,,,20.2757,1.0,,,,,9.939,,,0,0,,,,862.4,14.143,
P187235ce4e,,,,,,,,,,,,,,,,10.1285,1.0,,,,,10.746,,,0,0,,,,1269.9,10.376,
P5aa610b7ff,,,,,,,,,,,,,,,,15.2859,0.72,,,,,,,,0,0,,,,,,
Pa2709c7876,,,,,,,,,,,,,,,,15.1298,0.85,,,,,,,,0,0,,,,,,
P88b9812a96,,,,,,,,,,,,,,,,12.96,1.0,,,,,,,,0,0,,,,,,
P9990134f41,,,,,,,,,,,,,,,,15.1979,0.85,,,,,,,,0,0,,,,,,
P3fe5b0aa24,,,,,,,,,,,,,,,,10.1949,0.72,,,,,,,,0,0,,,,,,
P52ae6ebde1,,,,,,,,,,,,,,,,4.9371,0.3,,,,,,,,0,0,,,,,,
Pff73e1eace,,,,,,,,,,,,,,,,25.8892,1.0,,,,,,,,0,0,,,,,,
P98f905fdef,,,,,,,,,,,,,,,,3.5242,0.3,,,,,,,,1,0,,,,,,
Pd4900db84d,,,,,,,,,,,,,,,,13.2949,1.0,,,,,,,,0,0,,,,,,
P4f8c953cc8,,,,,,,,,,,,,,,,7.8245,0.3,,,,,,,,2,0,,,,,,
Pc692096d48,,,,,,,,,,,,,,,,17.5663,1.0,,,,,,,,1,0,,,,,,
P357471422c,,,,,,,,,,,,,,,,13.9701,1.0,,,,,,,,1,0,,,,,,
P2abf5d1b69,,,,,,,,,,,,,,,,6.6261,0.3,,,,,,,,1,0,,,,,,
P7d55637f90,,,,,,,,,,,,,,,,14.3929,1.0,,,,,,,,0,0,,,,,,
Pe79941522f,,,,,,,,,,,,,,,,19.61,1.0,,,,,,,,0,0,,,,,,
P4adcc58a26,,,,,,,,,,,,,,,,24.1859,1.0,,,,,,,,0,0,,,,,,
Pce9ab1622f,,,,,,,,,,,,,,,,8.274,1.0,,,,,,,,1,0,,,,,,
P4b934e1435,,,,,,,,,,,,,,,,20.2669,1.0,,,,,,,,1,0,,,,,,
Pb3905915d4,,,,,,,,,,,,,,,,12.96,0.72,,,,,,,,0,0,,,,,,
P797b6b2deb,,,,,,,,,,,,,,,,11.3028,1.0,,,,,,,,0,0,,,,,,
Pc5cf3e8f14,,,,,,,,,,,,,,,,12.9853,1.0,,,,,,,,0,0,,,,,,
P539180f113,,,,,,,,,,,,,,,,5.7318,0.3,,,,,,,,2,0,,,,,,
P5e97ce9bc9,,,,,,,,,,,,,,,,15.9882,1.0,,,,,,,,0,0,,,,,,
Pa526a12aa4,,,,,,,,,,,,,,,,17.7882,1.0,,,,,,,,0,0,,,,,,
Pb7edd3ead7,,,,,,,,,,,,,,,,5.9094,0.3,,,,,,,,2,0,,,,,,
P38d9dee28f,,,,,,,,,,,,,,,,8.4281,1.0,,,,,,,,0,0,,,,,,
P53313a94c2,,,,,,,,,,,,,,,,12.69,1.0,,,,,,,,0,0,,,,,,
Pc441e97a64,,,,,,,,,,,,,,,,6.227,0.3,,,,,,,,2,0,,,,,,
P6294004747,,,,,,,,,,,,,,,,13.6063,1.0,,,,,,,,0,0,,,,,,
Pf4d331b9a5,,,,,,,,,,,,,,,,NA,1.0,,,,,,,,0,0,,,,,,
P9827437e3d,,,,,,,,,,,,,,,,2.8489,1.0,,,,,,,,0,0,,,,,,
Pa59b169e09,,,,,,,,,,,,,,,,14.88,1.0,,,,,,,,1,0,,,,,,
P5895ae6315,,,,,,,,,,,,,,,,NA,0.3,,,,,,,,3,0,,,,,,
Pd073d30524,,,,,,,,,,,,,,,,13.2045,0.72,,,,,,,,0,0,,,,,,
Pd53814d6fa,,,,,,,,,,,,,,,,5.2913,0.3,,,,,,,,3,0,,,,,,
P85ac223123,,,,,,,,,,,,,,,,28.7311,1.0,,,,,,,,0,0,,,,,,
P8abebd0da5,,,,,,,,,,,,,,,,10.7321,0.3,,,,,,,,3,0,,,,,,
P0685226773,,,,,,,,,,,,,,,,9.72,0.72,,,,,,,,0,0,,,,,,
Pe4a9ff24c9,,,,,,,,,,,,,,,,10.8278,1.0,,,,,,,,0,0,,,,,,
Pbc9cc4070d,,,,,,,,,,,,,,,,12.8553,1.0,,,,,,,,0,0,,,,,,
P7aeaf13cc2,,,,,,,,,,,,,,,,NA,1.0,,,,,,,,0,0,,,,,,
Pffd0721d82,,,,,,,,,,,,,,,,3.9111,0.3,,,,,,,,1,0,,,,,,
P92a5884e77,,,,,,,,,,,,,,,,5.8969,0.3,,,,,,,,1,0,,,,,,
Pf2b6b60b16,,,,,,,,,,,,,,,,6.6462,0.3,,,,,,,,3,0,,,,,,
Pd6e783f74c,,,,,,,,,,,,,,,,21.4222,1.0,,,,,,,,0,0,,,,,,
P51ef89c5e3,,,,,,,,,,,,,,,,19.2,1.0,,,,,,,,0,0,,,,,,
P063b0ea350,,,,,,,,,,,,,,,,24.9,1.0,,,,,,,,0,0,,,,,,
P15657a7054,,,,,,,,,,,,,,,,10.6729,0.72,,,,,,,,1,0,,,,,,
P8cdc1bb5f1,,,,,,,,,,,,,,,,16.1633,1.0,,,,,,,,0,0,,,,,,
P4abddfb1a4,,,,,,,,,,,,,,,,0.0539,0.85,,,,,,,,1,0,,,,,,
Pff77feae98,,,,,,,,,,,,,,,,9.3333,0.3,,,,,,,,1,0,,,,,,
P11ed05516e,19.98,2.7118,,4.0,0.3237,10.3,57.2,0.3808,0.41,0.6989,0.182,63.0,6.0996,4.0,4.0,12.9418,0.9384,945.2,15.0032,3.0,3.6,13.971,13.7914,4.799,0,2,1.5959,,59.3,1262.4,13.837,
Pe2eac4ddf4,,,,,,,,,,,,,,,,3.1135,0.3,,,,,,,,1,0,,,,,,
P07954fea73,,,,,,,,,,,,,,,,14.1231,1.0,,,,,11.776,,,0,0,,,,370.5,11.446,
Pbced5f5600,,,,,,,,,,,,,,,,18.163,1.0,,,,,16.898,,,0,0,,,,1061.4,17.257,
Pb8664aec2d,,,,,,,,,,,,,,,,12.6891,0.72,,,,,,,,0,0,,,,,,
Pe0f4e51abf,,,,,,,,,,,,,,,,15.6412,0.85,,,,,,,,0,0,,,,,,
Pac86c1698b,,,,,,,,,,,,,,,,12.6573,1.0,,,,,10.519,,,0,0,,,,1097.2,12.022,
P946b6a7bec,,,,,,,,,,,,,,,,6.9577,0.3,,,,,,,,2,0,,,,,,
Pb01091942c,,,,,,,,,,,,,,,,5.5528,0.3,,,,,,,,1,0,,,,,,
P8be75213cc,,,,,,,,,,,,,,,,6.2667,0.3,,,,,,,,1,0,,,,,,
P12dc2a4dac,,,,,,,,,,,,,,,,6.1364,0.3,,,,,,,,1,0,,,,,,
P3b02df9dfc,,,,,,,,,,,,,,,,11.3483,0.72,,,,,,,,0,0,,,,,,
P5f07dfebd6,,,,,,,,,,,,,,,,4.95,0.3,,,,,,,,2,0,,,,,,
Pe39c876df8,,,,,,,,,,,,,,,,15.1506,0.72,,,,,,,,0,0,,,,,,
P1402e898dc,,,,,,,,,,,,,,,,4.9592,0.3,,,,,,,,1,0,,,,,,
P24b8a1c556,,,,,,,,,,,,,,,,4.3329,0.3,,,,,,,,1,0,,,,,,
P575f19a655,,,,,,,,,,,,,,,,7.1301,0.3,,,,,,,,1,0,,,,,,
P495da5b1cd,,,,,,,,,,,,,,,,19.434,1.0,,,,,12.515,,,0,0,,,,704.5,15.407,
P2320c27578,,,,,,,,,,,,,,,,9.4852,0.3,,,,,,,,2,0,,,,,,
Pefaae49c8b,19.31,3.0462,NA,3.0,0.1385,NA,NA,0.277,NA,0.754,NA,30.0,NA,3.0,3.0,14.5384,0.75,780.0,26.0,2.0,NA,16.0,19.3846,4.4308,0,1,2.0769,NA,NA,1197.6,18.204,NA
P404f9fdfb6,,,,,,,,,,,,,,,,7.3853,0.6676,,,,,11.934,,,0,0,,,,1841.2,12.238,
P8aa2e06ade,,,,,,,,,,,,,,,,11.9816,0.7887,,,,,14.661,,,0,0,,,,1647.8,16.25,
Pebbd613418,,,,,,,,,,,,,,,,4.7941,0.3,,,,,,,,4,0,,,,,,
Pa9d4084dfb,,,,,,,,,,,,,,,,9.0086,0.72,,,,,,,,0,0,,,,,,
P6dc3d3ca5e,,,,,,,,,,,,,,,,6.2757,0.3,,,,,,,,1,0,,,,,,
P33f4d69488,,,,,,,,,,,,,,,,17.521,1.0,,,,,,,,0,0,,,,,,
Pc0e29b5887,,,,,,,,,,,,,,,,18.4264,1.0,,,,,,,,0,0,,,,,,
P014b6ed928,,,,,,,,,,,,,,,,5.4915,0.3,,,,,,,,1,0,,,,,,
P3d283763c2,,,,,,,,,,,,,,,,5.2,0.3,,,,,,,,2,0,,,,,,
P5c0fad1503,,,,,,,,,,,,,,,,4.8343,0.3,,,,,,,,1,0,,,,,,
P0b1f22f2d4,,,,,,,,,,,,,,,,4.6168,0.3,,,,,,,,3,0,,,,,,
P1b3889c122,,,,,,,,,,,,,,,,10.4933,0.72,,,,,,,,1,0,,,,,,
P079efef655,,,,,,,,,,,,,,,,12.9052,1.0,,,,,,,,0,0,,,,,,
P9ba3c3f8a6,,,,,,,,,,,,,,,,17.7921,1.0,,,,,,,,0,0,,,,,,
